Timestamp: 54391939.562,
cubic,7,7,248,44.938,1.777,1402,NaN,NaN,NaN,9,6,NaN,750108,575,450,NaN,2200000.0,NaN,1784,2700000.0,NaN,NaN,NaN,14020,NaN,NaN,NaN,0.0,
cubic,7,7,248,44.734,1.356,1402,NaN,NaN,NaN,10,6,NaN,755716,581,452,NaN,2500000.0,4,1820,3000000.0,NaN,NaN,NaN,14020,NaN,NaN,NaN,33.75100000202656,
cubic,7,7,248,44.469,0.983,1402,NaN,NaN,NaN,10,6,NaN,764128,587,455,NaN,2500000.0,12,1852,3000000.0,NaN,NaN,NaN,14020,NaN,NaN,NaN,65.77300000190735,
cubic,7,7,248,46.015,2.737,1402,NaN,NaN,NaN,10,6,NaN,775344,595,459,NaN,2400000.0,8,1884,2900000.0,NaN,NaN,NaN,14020,NaN,NaN,NaN,97.74899999797344,
cubic,7,7,248,45.32,2.196,1402,NaN,NaN,NaN,11,6,NaN,783756,601,462,NaN,2700000.0,8,1916,3300000.0,NaN,NaN,NaN,14020,NaN,NaN,NaN,129.75900000333786,
cubic,7,7,248,44.875,1.597,1402,NaN,NaN,NaN,11,6,NaN,792168,607,465,NaN,2700000.0,20,1948,3300000.0,NaN,NaN,NaN,14020,NaN,NaN,NaN,161.85700000077486,
cubic,7,7,248,44.454,0.865,1402,NaN,NaN,NaN,11,6,NaN,806188,617,470,NaN,2800000.0,8,1980,3300000.0,NaN,NaN,NaN,14020,NaN,NaN,NaN,193.96900000423193,
cubic,7,7,248,44.268,0.516,1402,NaN,NaN,NaN,12,6,NaN,817404,627,474,NaN,3000000.0,NaN,2008,3600000.0,NaN,NaN,NaN,14020,NaN,NaN,NaN,225.94500000029802,
cubic,7,7,248,44.675,1.25,1402,NaN,NaN,NaN,12,6,NaN,825816,633,477,NaN,3000000.0,NaN,2040,3600000.0,NaN,NaN,NaN,14020,NaN,NaN,NaN,257.8969999998808,
cubic,7,7,248,45.861,2.425,1402,NaN,NaN,NaN,12,6,NaN,837032,641,481,NaN,2900000.0,12,2072,3500000.0,NaN,NaN,NaN,14020,NaN,NaN,NaN,286.0020000040531,
cubic,7,7,248,45.079,1.782,1402,NaN,NaN,NaN,13,6,NaN,848248,649,485,NaN,3200000.0,4,2100,3900000.0,NaN,NaN,NaN,14020,NaN,NaN,NaN,317.8610000014305,
cubic,7,7,248,45.335,1.925,1402,NaN,NaN,NaN,13,6,NaN,859464,657,489,NaN,3200000.0,4,2132,3900000.0,NaN,NaN,NaN,14020,NaN,NaN,NaN,345.86200000345707,
cubic,7,7,248,44.78,1.369,1402,NaN,NaN,NaN,13,6,NaN,870680,665,493,NaN,3300000.0,8,2160,3900000.0,NaN,NaN,NaN,14020,NaN,NaN,NaN,377.6880000010133,
cubic,7,7,248,44.438,0.89,1402,NaN,NaN,NaN,14,6,NaN,881896,675,497,NaN,3500000.0,4,2188,4200000.0,NaN,NaN,NaN,14020,NaN,NaN,NaN,405.7260000035167,
cubic,7,7,248,44.764,1.354,1402,NaN,NaN,NaN,14,6,NaN,893112,683,501,NaN,3500000.0,NaN,2216,4200000.0,NaN,NaN,NaN,14020,NaN,NaN,NaN,433.87300000339746,
cubic,7,7,248,45.678,2.35,1402,NaN,NaN,NaN,14,6,NaN,907132,693,506,NaN,3400000.0,4,2244,4099999.9999999995,NaN,NaN,NaN,14020,NaN,NaN,NaN,461.8969999998808,
cubic,7,7,248,44.962,1.684,1402,NaN,NaN,NaN,15,6,NaN,918348,701,510,NaN,3700000.0,NaN,2272,4500000.0,NaN,NaN,NaN,14020,NaN,NaN,NaN,489.90300000458956,
cubic,7,7,248,45.747,2.23,1402,NaN,NaN,NaN,15,6,NaN,929564,709,514,NaN,3700000.0,NaN,2300,4400000.0,NaN,NaN,NaN,14020,NaN,NaN,NaN,517.8739999979734,
cubic,7,7,248,44.685,1.376,1402,NaN,NaN,NaN,16,6,NaN,946388,723,520,NaN,4000000.0,4,2336,4800000.0,NaN,NaN,NaN,14020,NaN,NaN,NaN,550.0,
cubic,7,7,248,44.342,0.92,1402,NaN,NaN,NaN,16,6,NaN,957604,731,524,NaN,4000000.0,4,2364,4900000.0,NaN,NaN,NaN,14020,NaN,NaN,NaN,581.9750000014901,
cubic,7,7,248,44.573,1.101,1402,NaN,NaN,NaN,16,6,NaN,974428,743,530,NaN,4000000.0,4,2396,4800000.0,NaN,NaN,NaN,14020,NaN,NaN,NaN,609.6850000023842,
cubic,7,7,248,44.256,0.522,1402,NaN,NaN,NaN,16,6,NaN,991252,755,536,NaN,4099999.9999999995,NaN,2424,4900000.0,NaN,NaN,NaN,14020,NaN,NaN,NaN,641.8269999995828,
cubic,7,7,248,44.147,0.314,1402,NaN,NaN,NaN,17,6,NaN,1002468,763,540,NaN,4300000.0,8,2456,5200000.0,NaN,NaN,NaN,14020,NaN,NaN,NaN,669.734999999404,
cubic,7,7,248,44.051,0.184,1402,NaN,NaN,NaN,17,6,NaN,1019292,775,546,NaN,4300000.0,4,2484,5200000.0,NaN,NaN,NaN,14020,NaN,NaN,NaN,702.0380000025034,
cubic,7,7,244,43.992,0.105,1402,NaN,NaN,NaN,18,6,NaN,1036116,789,552,NaN,4600000.0,8,2520,5500000.0,NaN,NaN,NaN,14020,NaN,NaN,NaN,733.9250000044703,
cubic,7,7,248,44.169,0.269,1402,NaN,NaN,NaN,18,6,NaN,1052940,801,558,NaN,4600000.0,NaN,2548,5500000.0,NaN,NaN,NaN,14020,NaN,NaN,NaN,765.9130000025034,
cubic,7,7,248,45.508,1.786,1402,NaN,NaN,NaN,18,6,NaN,1069764,813,564,NaN,4400000.0,NaN,2576,5300000.0,NaN,NaN,NaN,14020,NaN,NaN,NaN,793.9610000029206,
cubic,7,7,248,44.905,0.95,1402,NaN,NaN,NaN,18,6,NaN,1083784,823,569,NaN,4500000.0,8,2608,5400000.0,NaN,NaN,NaN,14020,NaN,NaN,NaN,821.9109999984503,
cubic,7,7,248,45.346,1.877,1402,NaN,NaN,NaN,19,6,NaN,1103412,837,576,NaN,4700000.0,NaN,2636,5600000.0,NaN,NaN,NaN,14020,NaN,NaN,NaN,853.8339999988675,
cubic,7,7,248,44.834,1.285,1402,NaN,NaN,NaN,19,6,NaN,1117432,847,581,NaN,4800000.0,4,2668,5700000.0,NaN,NaN,NaN,14020,NaN,NaN,NaN,881.91400000453,
cubic,7,7,248,45.405,1.699,1402,NaN,NaN,NaN,20,6,NaN,1137060,863,588,NaN,4900000.0,4,2700,5900000.0,NaN,NaN,NaN,14020,NaN,NaN,NaN,913.8060000017285,
cubic,7,7,248,44.606,0.995,1402,NaN,NaN,NaN,20,6,NaN,1153884,875,594,NaN,5000000.0,NaN,2728,6000000.0,NaN,NaN,NaN,14020,NaN,NaN,NaN,945.7810000032187,
cubic,7,7,248,47.95,2.66,1402,NaN,NaN,NaN,20,6,NaN,1173512,889,601,NaN,4700000.0,NaN,2760,5600000.0,NaN,NaN,NaN,14020,NaN,NaN,NaN,977.9860000014305,
cubic,7,7,248,47.775,1.506,1402,NaN,NaN,NaN,20,6,NaN,1187532,899,606,NaN,4700000.0,4,2788,5600000.0,NaN,NaN,NaN,14020,NaN,NaN,NaN,1005.917999997735,
cubic,7,7,248,47.398,0.577,1402,NaN,NaN,NaN,21,6,NaN,1207160,913,613,NaN,5000000.0,4,2824,6000000.0,NaN,NaN,NaN,14020,NaN,NaN,NaN,1037.8660000041127,
cubic,7,7,248,47.073,0.819,1402,NaN,NaN,NaN,21,6,NaN,1226788,927,620,NaN,5000000.0,4,2856,6000000.0,NaN,NaN,NaN,14020,NaN,NaN,NaN,1069.8889999985695,
cubic,7,7,248,47.028,1.135,1402,NaN,NaN,NaN,22,6,NaN,1246416,943,627,NaN,5200000.0,NaN,2884,6300000.0,NaN,NaN,NaN,14020,NaN,NaN,NaN,1101.844000004232,
cubic,7,7,252,48.256,2.552,1402,NaN,NaN,NaN,22,6,NaN,1266044,957,634,NaN,5100000.0,NaN,2916,6100000.0,NaN,NaN,NaN,14020,NaN,NaN,NaN,1133.7590000033379,
cubic,7,7,252,50.056,2.362,1402,NaN,NaN,NaN,22,6,NaN,1285672,971,641,NaN,4900000.0,NaN,2948,5900000.0,NaN,NaN,NaN,14020,NaN,NaN,NaN,1166.0460000038147,
cubic,7,7,252,50.67,1.708,1402,NaN,NaN,NaN,23,6,NaN,1302496,983,647,NaN,5100000.0,4,2980,6100000.0,NaN,NaN,NaN,14020,NaN,NaN,NaN,1197.8420000001788,
cubic,7,7,252,51.372,0.965,1402,NaN,NaN,NaN,23,6,NaN,1319320,995,653,NaN,5000000.0,NaN,3008,6000000.0,NaN,NaN,NaN,14020,NaN,NaN,NaN,1225.6850000023842,
cubic,7,7,252,51.677,0.443,1402,NaN,NaN,NaN,23,6,NaN,1336144,1007,659,NaN,5000000.0,NaN,3036,6000000.0,NaN,NaN,NaN,14020,NaN,NaN,NaN,1253.8589999973774,
cubic,7,7,252,51.436,0.451,1402,NaN,NaN,NaN,23,6,NaN,1352968,1019,665,NaN,5000000.0,4,3068,6000000.0,NaN,NaN,NaN,14020,NaN,NaN,NaN,1282.6230000033975,
cubic,7,7,252,51.773,0.391,1402,NaN,NaN,NaN,24,6,NaN,1372596,1035,672,NaN,5200000.0,NaN,3096,6200000.0,NaN,NaN,NaN,14020,NaN,NaN,NaN,1313.807999998331,
cubic,7,7,256,52.803,1.81,1402,NaN,NaN,NaN,24,6,NaN,1392224,1049,679,NaN,5100000.0,4,3132,6100000.0,NaN,NaN,NaN,14020,NaN,NaN,NaN,1341.8680000007153,
cubic,7,7,256,54.267,2.017,1402,NaN,NaN,NaN,24,6,NaN,1409048,1061,685,NaN,5000000.0,8,3164,6000000.0,NaN,NaN,NaN,14020,NaN,NaN,NaN,1378.1030000001192,
cubic,7,7,260,56.325,2.074,1402,NaN,NaN,NaN,25,6,NaN,1428676,1075,692,NaN,5000000.0,NaN,3192,6000000.0,NaN,NaN,NaN,14020,NaN,NaN,NaN,1409.8210000023246,
cubic,7,7,260,56.785,1.874,1402,NaN,NaN,NaN,25,6,NaN,1448304,1089,699,NaN,4900000.0,NaN,3224,5900000.0,NaN,NaN,NaN,14020,NaN,NaN,NaN,1441.7129999995232,
cubic,7,7,260,56.237,1.212,1402,NaN,NaN,NaN,23,17,NaN,1465128,1100,706,NaN,4600000.0,4,3256,5500000.0,NaN,NaN,NaN,14020,NaN,NaN,NaN,1469.9500000029802,
cubic,7,7,260,56.114,0.335,1402,NaN,NaN,NaN,17,17,NaN,1484756,1108,713,NaN,3400000.0,8,3288,4099999.9999999995,NaN,NaN,NaN,14020,NaN,NaN,NaN,1501.820000000298,
cubic,7,7,256,55.304,0.732,1402,NaN,NaN,NaN,17,17,NaN,1504384,1122,721,NaN,3400000.0,NaN,3316,4099999.9999999995,NaN,NaN,NaN,14020,NaN,NaN,NaN,1533.8110000044107,
cubic,7,7,252,51.97,1.452,1402,NaN,NaN,NaN,18,17,NaN,1517002,1132,725,NaN,3900000.0,4,3348,4700000.0,NaN,NaN,NaN,14020,NaN,NaN,NaN,1565.8929999992251,
cubic,7,7,252,49.2,1.847,1402,NaN,NaN,NaN,18,17,NaN,1533826,1143,731,NaN,4099999.9999999995,4,3380,4900000.0,NaN,NaN,NaN,14020,NaN,NaN,NaN,1593.859999999404,
cubic,7,7,248,47.239,1.268,1402,NaN,NaN,NaN,19,17,NaN,1550650,1157,737,NaN,4500000.0,4,3412,5400000.0,NaN,NaN,NaN,14020,NaN,NaN,NaN,1625.9409999996424,
cubic,7,7,248,46.798,1.953,1402,NaN,NaN,NaN,19,17,NaN,1566072,1167,742,NaN,4600000.0,4,3444,5500000.0,NaN,NaN,NaN,14020,NaN,NaN,NaN,1657.847999997437,
cubic,7,7,248,47.201,2.08,1402,NaN,NaN,NaN,19,17,NaN,1585700,1181,749,NaN,4500000.0,NaN,3472,5400000.0,NaN,NaN,NaN,14020,NaN,NaN,NaN,1689.7910000011325,
cubic,7,7,248,46.243,2.272,1402,NaN,NaN,NaN,19,17,NaN,1599720,1191,754,NaN,4600000.0,NaN,3500,5500000.0,NaN,NaN,NaN,14020,NaN,NaN,NaN,1717.7159999981523,
cubic,7,7,248,45.476,1.879,1402,NaN,NaN,NaN,20,17,NaN,1616544,1205,760,NaN,4900000.0,NaN,3528,5900000.0,NaN,NaN,NaN,14020,NaN,NaN,NaN,1745.8020000010729,
cubic,7,7,248,44.883,1.024,1402,NaN,NaN,NaN,20,17,NaN,1630564,1215,765,NaN,5000000.0,4,3556,6000000.0,NaN,NaN,NaN,14020,NaN,NaN,NaN,1773.8790000006557,
cubic,7,7,248,47.08,2.87,1402,NaN,NaN,NaN,20,17,NaN,1650192,1229,772,NaN,4800000.0,NaN,3588,5700000.0,NaN,NaN,NaN,14020,NaN,NaN,NaN,1805.9259999990463,
cubic,7,7,248,46.962,1.56,1402,NaN,NaN,NaN,20,17,NaN,1669820,1243,779,NaN,4800000.0,NaN,3620,5700000.0,NaN,NaN,NaN,14020,NaN,NaN,NaN,1837.762000001967,
cubic,7,7,248,47.191,1.128,1402,NaN,NaN,NaN,20,17,NaN,1686644,1255,785,NaN,4800000.0,NaN,3648,5700000.0,NaN,NaN,NaN,14020,NaN,NaN,NaN,1865.8090000003576,
cubic,7,7,248,47.268,0.937,1402,NaN,NaN,NaN,21,17,NaN,1703468,1267,791,NaN,5000000.0,NaN,3676,6000000.0,NaN,NaN,NaN,14020,NaN,NaN,NaN,1893.7089999988675,
cubic,7,7,248,47.069,1.124,1402,NaN,NaN,NaN,21,17,NaN,1720292,1279,797,NaN,5000000.0,4,3708,6000000.0,NaN,NaN,NaN,14020,NaN,NaN,NaN,1921.7290000021458,
cubic,7,7,248,47.357,0.941,1402,NaN,NaN,NaN,21,17,NaN,1739920,1293,804,NaN,5000000.0,4,3740,6000000.0,NaN,NaN,NaN,14020,NaN,NaN,NaN,1953.8330000042915,
cubic,7,7,248,46.615,1.004,1402,NaN,NaN,NaN,22,17,NaN,1759548,1309,811,NaN,5300000.0,NaN,3768,6400000.0,NaN,NaN,NaN,14020,NaN,NaN,NaN,1985.8559999987483,
cubic,7,7,248,46.442,1.166,1402,NaN,NaN,NaN,22,17,NaN,1776372,1321,817,NaN,5300000.0,NaN,3796,6400000.0,NaN,NaN,NaN,14020,NaN,NaN,NaN,2013.820000000298,
cubic,7,7,252,48.147,2.766,1402,NaN,NaN,NaN,22,17,NaN,1790392,1331,822,NaN,5100000.0,4,3824,6100000.0,NaN,NaN,NaN,14020,NaN,NaN,NaN,2041.8770000040531,
cubic,7,7,252,50.266,2.601,1402,NaN,NaN,NaN,22,17,NaN,1807216,1343,828,NaN,4900000.0,8,3856,5900000.0,NaN,NaN,NaN,14020,NaN,NaN,NaN,2069.8310000002384,
cubic,7,7,252,50.872,1.49,1402,NaN,NaN,NaN,23,17,NaN,1826844,1357,835,NaN,5100000.0,4,3888,6100000.0,NaN,NaN,NaN,14020,NaN,NaN,NaN,2101.832000002265,
cubic,7,7,252,51.181,1.057,1402,NaN,NaN,NaN,23,17,NaN,1846472,1371,842,NaN,5000000.0,NaN,3916,6000000.0,NaN,NaN,NaN,14020,NaN,NaN,NaN,2133.7089999988675,
cubic,7,7,252,51.606,0.603,1402,NaN,NaN,NaN,23,17,NaN,1863296,1383,848,NaN,5000000.0,4,3948,6000000.0,NaN,NaN,NaN,14020,NaN,NaN,NaN,2161.759999997914,
cubic,7,7,252,51.844,0.288,1402,NaN,NaN,NaN,24,17,NaN,1882924,1399,855,NaN,5200000.0,NaN,3976,6200000.0,NaN,NaN,NaN,14020,NaN,NaN,NaN,2194.021999999881,
cubic,7,7,252,51.697,0.389,1402,NaN,NaN,NaN,24,17,NaN,1902552,1413,862,NaN,5200000.0,NaN,4008,6200000.0,NaN,NaN,NaN,14020,NaN,NaN,NaN,2225.887000001967,
cubic,7,7,256,53.466,2.354,1402,NaN,NaN,NaN,24,17,NaN,1919376,1425,868,NaN,5000000.0,NaN,4036,6000000.0,NaN,NaN,NaN,14020,NaN,NaN,NaN,2253.7419999986887,
cubic,7,7,256,55.068,1.697,1402,NaN,NaN,NaN,24,17,NaN,1936200,1437,874,NaN,4900000.0,NaN,4064,5900000.0,NaN,NaN,NaN,14020,NaN,NaN,NaN,2281.7760000005364,
cubic,7,7,256,55.615,0.828,1402,NaN,NaN,NaN,25,17,NaN,1953024,1449,880,NaN,5000000.0,NaN,4092,6100000.0,NaN,NaN,NaN,14020,NaN,NaN,NaN,2309.7489999979734,
cubic,7,7,256,55.846,0.443,1402,NaN,NaN,NaN,25,17,NaN,1967044,1459,885,NaN,5000000.0,8,4124,6000000.0,NaN,NaN,NaN,14020,NaN,NaN,NaN,2337.7140000015497,
cubic,7,7,260,56.609,1.286,1402,NaN,NaN,NaN,25,17,NaN,1986672,1473,892,NaN,5000000.0,NaN,4152,5900000.0,NaN,NaN,NaN,14020,NaN,NaN,NaN,2369.8430000022054,
cubic,7,7,260,56.308,0.564,1402,NaN,NaN,NaN,26,17,NaN,2003496,1487,898,NaN,5200000.0,4,4184,6200000.0,NaN,NaN,NaN,14020,NaN,NaN,NaN,2397.77499999851,
cubic,7,7,260,56.143,0.228,1402,NaN,NaN,NaN,26,17,NaN,2023124,1501,905,NaN,5200000.0,4,4216,6200000.0,NaN,NaN,NaN,14020,NaN,NaN,NaN,2429.9790000021458,
cubic,7,7,260,58.104,2.559,1402,NaN,NaN,NaN,26,17,NaN,2042752,1515,912,NaN,5000000.0,NaN,4244,6000000.0,NaN,NaN,NaN,14020,NaN,NaN,NaN,2461.853000000119,
cubic,7,7,260,59.844,1.524,1402,NaN,NaN,NaN,26,17,NaN,2062380,1529,919,NaN,4900000.0,NaN,4276,5800000.0,NaN,NaN,NaN,14020,NaN,NaN,NaN,2493.892000004649,
cubic,7,7,264,60.241,0.813,1402,NaN,NaN,NaN,26,17,NaN,2079204,1541,925,NaN,4800000.0,8,4312,5800000.0,NaN,NaN,NaN,14020,NaN,NaN,NaN,2525.9360000044107,
cubic,7,7,264,60.991,1.596,1402,NaN,NaN,NaN,27,17,NaN,2098832,1555,932,NaN,5000000.0,4,4344,6000000.0,NaN,NaN,NaN,14020,NaN,NaN,NaN,2557.6789999976754,
cubic,7,7,264,61.136,1.452,1402,NaN,NaN,NaN,27,17,NaN,2118460,1569,939,NaN,5000000.0,4,4376,5900000.0,NaN,NaN,NaN,14020,NaN,NaN,NaN,2589.957000002265,
cubic,7,7,264,60.888,1.299,1402,NaN,NaN,NaN,27,17,NaN,2138088,1583,946,NaN,5000000.0,4,4408,6000000.0,NaN,NaN,NaN,14020,NaN,NaN,NaN,2621.8790000006557,
cubic,7,7,264,60.94,1.489,1402,NaN,NaN,NaN,28,17,NaN,2157716,1599,953,NaN,5200000.0,NaN,4436,6200000.0,NaN,NaN,NaN,14020,NaN,NaN,NaN,2653.7419999986887,
cubic,7,7,264,61.025,1.583,1402,NaN,NaN,NaN,28,17,NaN,2174540,1611,959,NaN,5100000.0,NaN,4464,6200000.0,NaN,NaN,NaN,14020,NaN,NaN,NaN,2681.9460000023246,
cubic,7,7,264,62.778,2.269,1402,NaN,NaN,NaN,28,17,NaN,2191364,1623,965,NaN,5000000.0,NaN,4492,6000000.0,NaN,NaN,NaN,14020,NaN,NaN,NaN,2709.7880000025034,
cubic,7,7,268,64.102,1.504,1402,NaN,NaN,NaN,28,17,NaN,2208188,1635,971,NaN,4900000.0,8,4528,5900000.0,NaN,NaN,NaN,14020,NaN,NaN,NaN,2741.792000003159,
cubic,7,7,268,65.247,2.046,1402,NaN,NaN,NaN,29,17,NaN,2227816,1649,978,NaN,5000000.0,4,4560,6000000.0,NaN,NaN,NaN,14020,NaN,NaN,NaN,2773.807000003755,
cubic,7,7,268,65.876,2.208,1402,NaN,NaN,NaN,29,17,NaN,2247444,1663,985,NaN,4900000.0,4,4592,5900000.0,NaN,NaN,NaN,14020,NaN,NaN,NaN,2805.8390000015497,
cubic,7,7,268,65.62,2.034,1402,NaN,NaN,NaN,29,17,NaN,2267072,1677,992,NaN,5000000.0,NaN,4620,5900000.0,NaN,NaN,NaN,14020,NaN,NaN,NaN,2837.717000000179,
cubic,7,7,268,65.652,2.03,1402,NaN,NaN,NaN,30,17,NaN,2286700,1693,999,NaN,5100000.0,NaN,4652,6200000.0,NaN,NaN,NaN,14020,NaN,NaN,NaN,2869.8760000020266,
cubic,7,7,268,65.489,2.054,1402,NaN,NaN,NaN,30,17,NaN,2306328,1707,1006,NaN,5100000.0,NaN,4684,6200000.0,NaN,NaN,NaN,14020,NaN,NaN,NaN,2901.820000000298,
cubic,7,7,268,65.23,1.806,1402,NaN,NaN,NaN,30,17,NaN,2323152,1719,1012,NaN,5200000.0,NaN,4712,6200000.0,NaN,NaN,NaN,14020,NaN,NaN,NaN,2929.747000001371,
cubic,7,7,268,67.829,2.923,1402,NaN,NaN,NaN,30,17,NaN,2339976,1731,1018,NaN,5000000.0,NaN,4744,6000000.0,NaN,NaN,NaN,14020,NaN,NaN,NaN,2961.7089999988675,
cubic,7,7,272,69.629,2.54,1402,NaN,NaN,NaN,30,17,NaN,2359604,1745,1025,NaN,4800000.0,NaN,4776,5800000.0,NaN,NaN,NaN,14020,NaN,NaN,NaN,2993.8189999982715,
cubic,7,7,272,70.204,2.238,1402,NaN,NaN,NaN,31,17,NaN,2376428,1757,1031,NaN,5000000.0,NaN,4804,5900000.0,NaN,NaN,NaN,14020,NaN,NaN,NaN,3021.8950000032783,
cubic,7,7,272,70.186,2.096,1402,NaN,NaN,NaN,31,17,NaN,2393252,1769,1037,NaN,5000000.0,NaN,4832,5900000.0,NaN,NaN,NaN,14020,NaN,NaN,NaN,3049.877999998629,
cubic,7,7,272,70.548,1.879,1402,NaN,NaN,NaN,31,17,NaN,2410076,1781,1043,NaN,4900000.0,NaN,4860,5900000.0,NaN,NaN,NaN,14020,NaN,NaN,NaN,3077.8580000028014,
cubic,7,7,272,70.707,1.711,1402,NaN,NaN,NaN,31,17,NaN,2426900,1793,1049,NaN,4900000.0,NaN,4888,5900000.0,NaN,NaN,NaN,14020,NaN,NaN,NaN,3105.8330000042915,
cubic,7,7,272,70.787,1.607,1402,NaN,NaN,NaN,31,17,NaN,2443724,1805,1055,NaN,4900000.0,NaN,4916,5900000.0,NaN,NaN,NaN,14020,NaN,NaN,NaN,3133.902000002563,
cubic,7,7,272,70.893,1.544,1402,NaN,NaN,NaN,32,17,NaN,2460548,1819,1061,NaN,5100000.0,4,4948,6100000.0,NaN,NaN,NaN,14020,NaN,NaN,NaN,3161.847000002861,
cubic,7,7,272,70.574,1.53,1402,NaN,NaN,NaN,32,17,NaN,2480176,1833,1068,NaN,5100000.0,NaN,4976,6100000.0,NaN,NaN,NaN,14020,NaN,NaN,NaN,3193.8280000016093,
cubic,7,7,272,71.46,1.907,1402,NaN,NaN,NaN,32,17,NaN,2497000,1845,1074,NaN,5000000.0,NaN,5004,6000000.0,NaN,NaN,NaN,14020,NaN,NaN,NaN,3221.829000003636,
cubic,7,7,276,73.234,2.459,1402,NaN,NaN,NaN,32,17,NaN,2513824,1857,1080,NaN,4900000.0,4,5036,5900000.0,NaN,NaN,NaN,14020,NaN,NaN,NaN,3250.320000000298,
cubic,7,7,276,74.228,2.148,1402,NaN,NaN,NaN,33,17,NaN,2530648,1869,1086,NaN,5000000.0,4,5064,6000000.0,NaN,NaN,NaN,14020,NaN,NaN,NaN,3281.9640000015497,
cubic,7,7,276,74.761,1.662,1402,NaN,NaN,NaN,33,17,NaN,2547472,1881,1092,NaN,5000000.0,8,5096,5900000.0,NaN,NaN,NaN,14020,NaN,NaN,NaN,3309.847999997437,
cubic,7,7,276,75.101,1.046,1402,NaN,NaN,NaN,33,17,NaN,2567100,1895,1099,NaN,4900000.0,4,5128,5900000.0,NaN,NaN,NaN,14020,NaN,NaN,NaN,3341.877000004053,
cubic,7,7,276,75.293,0.859,1402,NaN,NaN,NaN,33,17,NaN,2586728,1909,1106,NaN,4900000.0,4,5160,5900000.0,NaN,NaN,NaN,14020,NaN,NaN,NaN,3373.969999998808,
cubic,7,7,276,75.362,0.694,1402,NaN,NaN,NaN,33,17,NaN,2606356,1923,1113,NaN,4900000.0,NaN,5188,5900000.0,NaN,NaN,NaN,14020,NaN,NaN,NaN,3405.872000001371,
cubic,7,7,276,75.52,2.793,1402,NaN,NaN,NaN,31,23,NaN,2624582,1935,1120,NaN,4600000.0,NaN,5220,5500000.0,NaN,NaN,NaN,14020,NaN,NaN,NaN,3437.9430000036955,
cubic,7,7,280,76.741,2.405,1402,NaN,NaN,NaN,28,23,NaN,2641406,1944,1126,NaN,4099999.9999999995,NaN,5248,4900000.0,NaN,NaN,NaN,14020,NaN,NaN,NaN,3465.792999997735,
cubic,7,7,280,77.301,2.043,1402,NaN,NaN,NaN,23,23,NaN,2658230,1951,1132,NaN,3300000.0,NaN,5276,4000000.0,NaN,NaN,NaN,14020,NaN,NaN,NaN,3493.8460000008345,
cubic,7,7,276,75.131,1.777,1402,NaN,NaN,NaN,23,23,NaN,2675054,1963,1139,NaN,3400000.0,NaN,5304,4099999.9999999995,NaN,NaN,NaN,14020,NaN,NaN,NaN,3521.857000000775,
cubic,7,7,272,68.24,3.094,1402,NaN,NaN,NaN,20,16,NaN,2690476,1971,1145,NaN,3300000.0,4,5332,3900000.0,NaN,NaN,NaN,14020,NaN,NaN,NaN,3549.822000004351,
cubic,7,7,260,59.554,4.436,1402,NaN,NaN,NaN,16,16,NaN,2708702,1980,1152,NaN,3000000.0,NaN,5360,3600000.0,NaN,NaN,NaN,14020,NaN,NaN,NaN,3577.9250000044703,
cubic,7,7,256,54.753,4.498,1402,NaN,NaN,NaN,16,16,NaN,2724124,1991,1158,NaN,3300000.0,NaN,5388,3900000.0,NaN,NaN,NaN,14020,NaN,NaN,NaN,3605.8369999974966,
cubic,7,7,252,49.126,4.639,1402,NaN,NaN,NaN,17,16,NaN,2740948,2003,1164,NaN,3900000.0,NaN,5420,4700000.0,NaN,NaN,NaN,14020,NaN,NaN,NaN,3637.7540000006557,
cubic,7,7,248,47.131,3.741,1402,NaN,NaN,NaN,17,16,NaN,2752164,2012,1168,NaN,4000000.0,4,5448,4900000.0,NaN,NaN,NaN,14020,NaN,NaN,NaN,3665.722999997437,
cubic,7,7,248,45.81,2.068,1402,NaN,NaN,NaN,17,16,NaN,2768988,2023,1174,NaN,4200000.0,NaN,5476,5000000.0,NaN,NaN,NaN,14020,NaN,NaN,NaN,3693.782999999821,
cubic,7,7,248,46.379,3.221,1402,NaN,NaN,NaN,17,16,NaN,2785812,2035,1180,NaN,4099999.9999999995,4,5512,4900000.0,NaN,NaN,NaN,14020,NaN,NaN,NaN,3725.7980000004172,
cubic,7,7,248,45.21,2.092,1402,NaN,NaN,NaN,18,16,NaN,2799832,2047,1185,NaN,4500000.0,NaN,5540,5400000.0,NaN,NaN,NaN,14020,NaN,NaN,NaN,3757.844999998808,
cubic,7,7,248,44.601,1.194,1402,NaN,NaN,NaN,18,16,NaN,2813852,2057,1190,NaN,4500000.0,4,5568,5400000.0,NaN,NaN,NaN,14020,NaN,NaN,NaN,3785.8910000026226,
cubic,7,7,248,45.732,2.34,1402,NaN,NaN,NaN,18,16,NaN,2830676,2069,1196,NaN,4400000.0,NaN,5596,5300000.0,NaN,NaN,NaN,14020,NaN,NaN,NaN,3813.7980000004172,
cubic,7,7,248,45.708,1.976,1402,NaN,NaN,NaN,18,16,NaN,2847500,2081,1202,NaN,4400000.0,NaN,5628,5300000.0,NaN,NaN,NaN,14020,NaN,NaN,NaN,3841.8060000017285,
cubic,7,7,248,45.242,1.404,1402,NaN,NaN,NaN,19,16,NaN,2861520,2091,1207,NaN,4700000.0,8,5660,5700000.0,NaN,NaN,NaN,14020,NaN,NaN,NaN,3873.7709999978542,
cubic,7,7,248,45.599,1.657,1402,NaN,NaN,NaN,19,16,NaN,2881148,2105,1214,NaN,4700000.0,4,5692,5600000.0,NaN,NaN,NaN,14020,NaN,NaN,NaN,3905.7540000006557,
cubic,7,7,248,45.282,1.858,1402,NaN,NaN,NaN,20,16,NaN,2897972,2119,1220,NaN,5000000.0,NaN,5720,5900000.0,NaN,NaN,NaN,14020,NaN,NaN,NaN,3937.767000004649,
cubic,7,7,248,45.134,1.672,1402,NaN,NaN,NaN,20,16,NaN,2914796,2131,1226,NaN,5000000.0,4,5752,6000000.0,NaN,NaN,NaN,14020,NaN,NaN,NaN,3965.8519999980927,
cubic,7,7,248,46.479,2.231,1402,NaN,NaN,NaN,20,16,NaN,2934424,2145,1233,NaN,4800000.0,4,5784,5800000.0,NaN,NaN,NaN,14020,NaN,NaN,NaN,3997.93900000304,
cubic,7,7,248,46.927,2.151,1402,NaN,NaN,NaN,20,16,NaN,2951248,2157,1239,NaN,4800000.0,4,5812,5700000.0,NaN,NaN,NaN,14020,NaN,NaN,NaN,4029.747000001371,
cubic,7,7,248,47.147,1.081,1402,NaN,NaN,NaN,21,16,NaN,2970876,2171,1246,NaN,5000000.0,4,5848,6000000.0,NaN,NaN,NaN,14020,NaN,NaN,NaN,4061.792999997735,
cubic,7,7,248,47.307,0.899,1402,NaN,NaN,NaN,21,16,NaN,2990504,2185,1253,NaN,5000000.0,NaN,5876,6000000.0,NaN,NaN,NaN,14020,NaN,NaN,NaN,4093.917999997735,
cubic,7,7,248,47.218,1.068,1402,NaN,NaN,NaN,22,16,NaN,3010132,2201,1260,NaN,5200000.0,NaN,5908,6300000.0,NaN,NaN,NaN,14020,NaN,NaN,NaN,4125.91099999845,
cubic,7,7,248,47.104,1.21,1402,NaN,NaN,NaN,22,16,NaN,3026956,2213,1266,NaN,5200000.0,NaN,5936,6300000.0,NaN,NaN,NaN,14020,NaN,NaN,NaN,4153.90300000459,
cubic,7,7,252,49.261,3.209,1402,NaN,NaN,NaN,22,16,NaN,3043780,2225,1272,NaN,5000000.0,4,5968,6000000.0,NaN,NaN,NaN,14020,NaN,NaN,NaN,4181.859999999404,
cubic,7,7,252,50.452,2.088,1402,NaN,NaN,NaN,23,16,NaN,3063408,2239,1279,NaN,5100000.0,NaN,5996,6100000.0,NaN,NaN,NaN,14020,NaN,NaN,NaN,4213.807999998331,
cubic,7,7,252,50.82,1.413,1402,NaN,NaN,NaN,23,16,NaN,3080232,2251,1285,NaN,5100000.0,NaN,6024,6100000.0,NaN,NaN,NaN,14020,NaN,NaN,NaN,4241.82500000298,
cubic,7,7,252,51.395,0.996,1402,NaN,NaN,NaN,23,16,NaN,3094252,2261,1290,NaN,5000000.0,4,6052,6000000.0,NaN,NaN,NaN,14020,NaN,NaN,NaN,4269.921999998391,
cubic,7,7,252,51.714,0.492,1402,NaN,NaN,NaN,23,16,NaN,3111076,2273,1296,NaN,5000000.0,4,6080,6000000.0,NaN,NaN,NaN,14020,NaN,NaN,NaN,4297.822000004351,
cubic,7,7,252,51.457,0.471,1402,NaN,NaN,NaN,24,16,NaN,3130704,2289,1303,NaN,5200000.0,NaN,6112,6300000.0,NaN,NaN,NaN,14020,NaN,NaN,NaN,4330.020999997854,
cubic,7,7,252,51.793,0.4,1402,NaN,NaN,NaN,24,16,NaN,3147528,2301,1309,NaN,5200000.0,4,6144,6200000.0,NaN,NaN,NaN,14020,NaN,NaN,NaN,4357.730999998748,
cubic,7,7,256,53.93,2.624,1402,NaN,NaN,NaN,24,16,NaN,3167156,2315,1316,NaN,5000000.0,4,6176,6000000.0,NaN,NaN,NaN,14020,NaN,NaN,NaN,4389.892999999225,
cubic,7,7,256,55.189,1.404,1402,NaN,NaN,NaN,25,16,NaN,3186784,2329,1323,NaN,5100000.0,4,6208,6100000.0,NaN,NaN,NaN,14020,NaN,NaN,NaN,4421.8610000014305,
cubic,7,7,256,55.684,0.576,1402,NaN,NaN,NaN,25,16,NaN,3206412,2343,1330,NaN,5000000.0,NaN,6236,6000000.0,NaN,NaN,NaN,14020,NaN,NaN,NaN,4453.773000001907,
cubic,7,7,260,56.078,0.486,1402,NaN,NaN,NaN,25,16,NaN,3223236,2355,1336,NaN,5000000.0,4,6268,6000000.0,NaN,NaN,NaN,14020,NaN,NaN,NaN,4481.776000000536,
cubic,7,7,260,56.258,0.658,1402,NaN,NaN,NaN,25,16,NaN,3240060,2367,1342,NaN,5000000.0,8,6300,6000000.0,NaN,NaN,NaN,14020,NaN,NaN,NaN,4513.847000002861,
cubic,7,7,260,56.53,0.937,1402,NaN,NaN,NaN,26,16,NaN,3259688,2383,1349,NaN,5200000.0,4,6332,6200000.0,NaN,NaN,NaN,14020,NaN,NaN,NaN,4545.965000003576,
cubic,7,7,260,56.558,1.05,1402,NaN,NaN,NaN,26,16,NaN,3279316,2397,1356,NaN,5200000.0,4,6364,6200000.0,NaN,NaN,NaN,14020,NaN,NaN,NaN,4577.686000004411,
cubic,7,7,260,59.198,1.817,1402,NaN,NaN,NaN,26,16,NaN,3301748,2413,1364,NaN,4900000.0,4,6400,5900000.0,NaN,NaN,NaN,14020,NaN,NaN,NaN,4612.447999998927,
cubic,7,7,260,59.966,0.845,1402,NaN,NaN,NaN,26,16,NaN,3318572,2425,1370,NaN,4900000.0,8,6432,5800000.0,NaN,NaN,NaN,14020,NaN,NaN,NaN,4645.935000002384,
cubic,7,7,264,60.848,1.709,1402,NaN,NaN,NaN,27,16,NaN,3338200,2439,1377,NaN,5000000.0,NaN,6460,6000000.0,NaN,NaN,NaN,14020,NaN,NaN,NaN,4677.862000003457,
cubic,7,7,264,61.125,1.847,1402,NaN,NaN,NaN,27,16,NaN,3355024,2451,1383,NaN,5000000.0,NaN,6488,5900000.0,NaN,NaN,NaN,14020,NaN,NaN,NaN,4705.906000003219,
cubic,7,7,264,60.989,1.708,1402,NaN,NaN,NaN,27,16,NaN,3371848,2463,1389,NaN,5000000.0,NaN,6516,6000000.0,NaN,NaN,NaN,14020,NaN,NaN,NaN,4733.866000004113,
cubic,7,7,264,61.36,1.927,1402,NaN,NaN,NaN,28,16,NaN,3388672,2477,1395,NaN,5100000.0,4,6548,6100000.0,NaN,NaN,NaN,14020,NaN,NaN,NaN,4761.802000001073,
cubic,7,7,264,61.348,1.946,1402,NaN,NaN,NaN,28,16,NaN,3408300,2491,1402,NaN,5100000.0,4,6580,6100000.0,NaN,NaN,NaN,14020,NaN,NaN,NaN,4793.853000000119,
cubic,7,7,264,61.677,1.963,1402,NaN,NaN,NaN,28,16,NaN,3427928,2505,1409,NaN,5100000.0,NaN,6608,6100000.0,NaN,NaN,NaN,14020,NaN,NaN,NaN,4825.906999997795,
cubic,7,7,264,63.748,2.056,1402,NaN,NaN,NaN,25,19,NaN,3444752,2514,1416,NaN,4400000.0,NaN,6636,5300000.0,NaN,NaN,NaN,14020,NaN,NaN,NaN,4854.005000002682,
cubic,7,7,268,65.083,1.99,1402,NaN,NaN,NaN,21,19,NaN,3461576,2522,1422,NaN,3600000.0,NaN,6664,4300000.0,NaN,NaN,NaN,14020,NaN,NaN,NaN,4881.811999998987,
cubic,7,7,268,64.661,1.494,1402,NaN,NaN,NaN,19,19,NaN,3478400,2532,1429,NaN,3300000.0,NaN,6692,4000000.0,NaN,NaN,NaN,14020,NaN,NaN,NaN,4909.75,
cubic,7,7,264,60.87,2.041,1402,NaN,NaN,NaN,19,19,NaN,3493822,2542,1434,NaN,3500000.0,4,6724,4200000.0,NaN,NaN,NaN,14020,NaN,NaN,NaN,4937.70000000298,
cubic,7,7,252,50.7,3.821,1402,NaN,NaN,NaN,20,19,NaN,3516254,2560,1442,NaN,4400000.0,NaN,6756,5300000.0,NaN,NaN,NaN,14020,NaN,NaN,NaN,4969.795000001788,
cubic,7,7,252,49.603,2.959,1402,NaN,NaN,NaN,21,19,NaN,3530274,2571,1447,NaN,4700000.0,NaN,6784,5700000.0,NaN,NaN,NaN,14020,NaN,NaN,NaN,5001.917999997735,
cubic,7,7,252,49.437,2.033,1402,NaN,NaN,NaN,21,19,NaN,3549902,2585,1454,NaN,4800000.0,4,6820,5700000.0,NaN,NaN,NaN,14020,NaN,NaN,NaN,5034.023000001907,
cubic,7,7,252,50.526,2.123,1402,NaN,NaN,NaN,21,19,NaN,3569530,2599,1461,NaN,4700000.0,4,6852,5600000.0,NaN,NaN,NaN,14020,NaN,NaN,NaN,5066.104000002146,
cubic,7,7,252,50.904,1.38,1402,NaN,NaN,NaN,22,19,NaN,3586354,2611,1467,NaN,4800000.0,8,6884,5800000.0,NaN,NaN,NaN,14020,NaN,NaN,NaN,5097.929999999702,
cubic,7,7,252,51.167,1.001,1402,NaN,NaN,NaN,22,19,NaN,3605982,2625,1474,NaN,4800000.0,NaN,6912,5800000.0,NaN,NaN,NaN,14020,NaN,NaN,NaN,5130.017000004649,
cubic,7,7,252,51.863,0.698,1402,NaN,NaN,NaN,22,19,NaN,3625610,2639,1481,NaN,4800000.0,4,6948,5700000.0,NaN,NaN,NaN,14020,NaN,NaN,NaN,5162.252999998629,
cubic,7,7,252,51.573,0.243,1402,NaN,NaN,NaN,22,19,NaN,3648042,2655,1489,NaN,4800000.0,NaN,6980,5700000.0,NaN,NaN,NaN,14020,NaN,NaN,NaN,5194.164999999106,
cubic,7,7,252,51.559,0.536,1402,NaN,NaN,NaN,22,19,NaN,3664866,2667,1495,NaN,4800000.0,4,7012,5700000.0,NaN,NaN,NaN,14020,NaN,NaN,NaN,5226.012000001967,
cubic,7,7,252,51.571,0.669,1402,NaN,NaN,NaN,23,19,NaN,3681690,2681,1501,NaN,5000000.0,8,7044,6000000.0,NaN,NaN,NaN,14020,NaN,NaN,NaN,5258.039999999106,
cubic,7,7,256,52.817,2.317,1402,NaN,NaN,NaN,23,19,NaN,3701318,2695,1508,NaN,4900000.0,4,7076,5900000.0,NaN,NaN,NaN,14020,NaN,NaN,NaN,5290.344999998808,
cubic,7,7,256,55.065,2.271,1402,NaN,NaN,NaN,23,19,NaN,3720946,2709,1515,NaN,4700000.0,4,7108,5600000.0,NaN,NaN,NaN,14020,NaN,NaN,NaN,5322.005000002682,
cubic,7,7,256,55.687,0.673,1402,NaN,NaN,NaN,23,19,NaN,3743378,2725,1523,NaN,4600000.0,NaN,7140,5600000.0,NaN,NaN,NaN,14020,NaN,NaN,NaN,5353.96400000155,
cubic,7,7,256,55.927,0.269,1402,NaN,NaN,NaN,24,19,NaN,3763006,2739,1530,NaN,4800000.0,NaN,7172,5800000.0,NaN,NaN,NaN,14020,NaN,NaN,NaN,5386.075999997556,
cubic,7,7,260,56.202,0.508,1402,NaN,NaN,NaN,24,19,NaN,3779830,2751,1536,NaN,4800000.0,4,7204,5700000.0,NaN,NaN,NaN,14020,NaN,NaN,NaN,5417.925999999046,
cubic,7,7,260,56.106,0.183,1402,NaN,NaN,NaN,24,19,NaN,3796654,2763,1542,NaN,4800000.0,8,7236,5800000.0,NaN,NaN,NaN,14020,NaN,NaN,NaN,5450.070000000298,
cubic,7,7,260,56.461,0.88,1402,NaN,NaN,NaN,24,19,NaN,3816282,2777,1549,NaN,4800000.0,4,7268,5700000.0,NaN,NaN,NaN,14020,NaN,NaN,NaN,5481.909000001848,
cubic,7,7,260,56.488,1.069,1402,NaN,NaN,NaN,25,19,NaN,3835910,2793,1556,NaN,5000000.0,NaN,7296,6000000.0,NaN,NaN,NaN,14020,NaN,NaN,NaN,5513.789999999106,
cubic,7,7,260,56.148,0.445,1402,NaN,NaN,NaN,25,19,NaN,3855538,2807,1563,NaN,5000000.0,4,7332,6000000.0,NaN,NaN,NaN,14020,NaN,NaN,NaN,5546.201999999583,
cubic,7,7,260,57.941,2.123,1402,NaN,NaN,NaN,25,19,NaN,3875166,2821,1570,NaN,4800000.0,4,7364,5800000.0,NaN,NaN,NaN,14020,NaN,NaN,NaN,5577.869999997318,
cubic,7,7,260,59.627,1.533,1402,NaN,NaN,NaN,26,19,NaN,3891990,2833,1576,NaN,4900000.0,8,7396,5900000.0,NaN,NaN,NaN,14020,NaN,NaN,NaN,5609.835000000894,
cubic,7,7,264,60.651,1.506,1402,NaN,NaN,NaN,26,19,NaN,3911618,2847,1583,NaN,4800000.0,4,7428,5800000.0,NaN,NaN,NaN,14020,NaN,NaN,NaN,5641.9439999982715,
cubic,7,7,264,61.119,1.608,1402,NaN,NaN,NaN,26,19,NaN,3931246,2861,1590,NaN,4800000.0,4,7460,5700000.0,NaN,NaN,NaN,14020,NaN,NaN,NaN,5673.97500000149,
cubic,7,7,264,61.13,1.738,1402,NaN,NaN,NaN,26,19,NaN,3950874,2875,1597,NaN,4800000.0,4,7492,5700000.0,NaN,NaN,NaN,14020,NaN,NaN,NaN,5705.938000001013,
cubic,7,7,264,60.735,1.249,1402,NaN,NaN,NaN,26,19,NaN,3970502,2889,1604,NaN,4800000.0,4,7524,5800000.0,NaN,NaN,NaN,14020,NaN,NaN,NaN,5737.987000003457,
cubic,7,7,264,60.649,1.09,1402,NaN,NaN,NaN,27,19,NaN,3987326,2903,1610,NaN,5000000.0,8,7556,6000000.0,NaN,NaN,NaN,14020,NaN,NaN,NaN,5770.027000002563,
cubic,7,7,264,61.191,1.726,1402,NaN,NaN,NaN,27,19,NaN,4006954,2917,1617,NaN,4900000.0,4,7588,5900000.0,NaN,NaN,NaN,14020,NaN,NaN,NaN,5802.229000002146,
cubic,7,7,268,64.083,3.249,1402,NaN,NaN,NaN,27,19,NaN,4026582,2931,1624,NaN,4700000.0,4,7620,5700000.0,NaN,NaN,NaN,14020,NaN,NaN,NaN,5834.079000003636,
cubic,7,7,268,65.206,2.166,1402,NaN,NaN,NaN,28,19,NaN,4046210,2945,1631,NaN,4800000.0,4,7652,5800000.0,NaN,NaN,NaN,14020,NaN,NaN,NaN,5866.47500000149,
cubic,7,7,268,65.434,2.064,1402,NaN,NaN,NaN,28,19,NaN,4065838,2959,1638,NaN,4800000.0,4,7684,5800000.0,NaN,NaN,NaN,14020,NaN,NaN,NaN,5897.961000002921,
cubic,7,7,268,65.107,1.717,1402,NaN,NaN,NaN,28,19,NaN,4085466,2973,1645,NaN,4800000.0,4,7716,5800000.0,NaN,NaN,NaN,14020,NaN,NaN,NaN,5929.747000001371,
cubic,7,7,268,65.072,1.67,1402,NaN,NaN,NaN,28,19,NaN,4102290,2985,1651,NaN,4800000.0,8,7748,5800000.0,NaN,NaN,NaN,14020,NaN,NaN,NaN,5961.972000002861,
cubic,7,7,268,65.84,2.135,1402,NaN,NaN,NaN,29,19,NaN,4121918,3001,1658,NaN,4900000.0,NaN,7776,5900000.0,NaN,NaN,NaN,14020,NaN,NaN,NaN,5993.939999997616,
cubic,7,7,268,66.257,2.158,1402,NaN,NaN,NaN,29,19,NaN,4141546,3015,1665,NaN,4900000.0,4,7812,5900000.0,NaN,NaN,NaN,14020,NaN,NaN,NaN,6025.684000000358,
cubic,7,7,268,66.981,2.669,1402,NaN,NaN,NaN,29,19,NaN,4161174,3029,1672,NaN,4900000.0,NaN,7840,5800000.0,NaN,NaN,NaN,14020,NaN,NaN,NaN,6057.879000000656,
cubic,7,7,272,68.828,2.364,1402,NaN,NaN,NaN,30,19,NaN,4180802,3043,1679,NaN,4900000.0,NaN,7872,5900000.0,NaN,NaN,NaN,14020,NaN,NaN,NaN,6090.053999997675,
cubic,7,7,272,69.624,2.3,1402,NaN,NaN,NaN,30,19,NaN,4197626,3055,1685,NaN,4800000.0,4,7904,5800000.0,NaN,NaN,NaN,14020,NaN,NaN,NaN,6121.728000000119,
cubic,7,7,272,69.629,2.084,1402,NaN,NaN,NaN,30,19,NaN,4214450,3067,1691,NaN,4800000.0,4,7932,5800000.0,NaN,NaN,NaN,14020,NaN,NaN,NaN,6149.777000002563,
cubic,7,7,272,68.964,1.352,1402,NaN,NaN,NaN,27,21,NaN,4235480,3080,1699,NaN,4400000.0,NaN,7964,5300000.0,NaN,NaN,NaN,14020,NaN,NaN,NaN,6181.979000002146,
cubic,7,7,272,68.438,0.76,1402,NaN,NaN,NaN,24,21,NaN,4252304,3089,1705,NaN,3900000.0,NaN,7992,4700000.0,NaN,NaN,NaN,14020,NaN,NaN,NaN,6209.887000001967,
cubic,7,7,272,68.36,0.733,1402,NaN,NaN,NaN,21,21,NaN,4269128,3097,1712,NaN,3400000.0,4,8024,4099999.9999999995,NaN,NaN,NaN,14020,NaN,NaN,NaN,6237.957000002265,
cubic,7,7,268,65.23,1.782,1402,NaN,NaN,NaN,21,21,NaN,4285952,3109,1718,NaN,3600000.0,8,8056,4300000.0,NaN,NaN,NaN,14020,NaN,NaN,NaN,6269.870999999344,
cubic,7,7,256,55.459,3.665,1402,NaN,NaN,NaN,22,21,NaN,4305580,3125,1725,NaN,4400000.0,4,8088,5300000.0,NaN,NaN,NaN,14020,NaN,NaN,NaN,6301.829000003636,
cubic,7,7,252,50.585,3.65,1402,NaN,NaN,NaN,22,21,NaN,4325208,3139,1732,NaN,4900000.0,4,8120,5900000.0,NaN,NaN,NaN,14020,NaN,NaN,NaN,6333.82500000298,
cubic,7,7,252,51.445,1.219,1402,NaN,NaN,NaN,23,21,NaN,4344836,3153,1739,NaN,5000000.0,NaN,8148,6000000.0,NaN,NaN,NaN,14020,NaN,NaN,NaN,6365.877000004053,
cubic,7,7,252,51.492,0.672,1402,NaN,NaN,NaN,23,21,NaN,4364464,3167,1746,NaN,5000000.0,NaN,8180,6000000.0,NaN,NaN,NaN,14020,NaN,NaN,NaN,6397.815999999642,
cubic,7,7,252,51.722,0.359,1402,NaN,NaN,NaN,23,21,NaN,4381288,3179,1752,NaN,5000000.0,4,8212,6000000.0,NaN,NaN,NaN,14020,NaN,NaN,NaN,6425.967000000179,
cubic,7,7,252,51.43,0.379,1402,NaN,NaN,NaN,24,21,NaN,4398112,3193,1758,NaN,5200000.0,8,8244,6300000.0,NaN,NaN,NaN,14020,NaN,NaN,NaN,6457.917000003159,
cubic,7,7,252,51.377,0.577,1402,NaN,NaN,NaN,24,21,NaN,4417740,3207,1765,NaN,5200000.0,4,8276,6300000.0,NaN,NaN,NaN,14020,NaN,NaN,NaN,6489.776000000536,
cubic,7,7,256,54.179,2.478,1402,NaN,NaN,NaN,24,21,NaN,4437368,3221,1772,NaN,5000000.0,NaN,8304,6000000.0,NaN,NaN,NaN,14020,NaN,NaN,NaN,6521.9980000033975,
cubic,7,7,256,55.533,1.79,1402,NaN,NaN,NaN,24,21,NaN,4454192,3233,1778,NaN,4800000.0,4,8336,5800000.0,NaN,NaN,NaN,14020,NaN,NaN,NaN,6549.796000003815,
cubic,7,7,260,56.166,0.8,1402,NaN,NaN,NaN,25,21,NaN,4473820,3247,1785,NaN,5000000.0,NaN,8364,6000000.0,NaN,NaN,NaN,14020,NaN,NaN,NaN,6581.917000003159,
cubic,7,7,260,56.086,0.238,1402,NaN,NaN,NaN,25,21,NaN,4493448,3261,1792,NaN,5000000.0,4,8400,6000000.0,NaN,NaN,NaN,14020,NaN,NaN,NaN,6614.108000002801,
cubic,7,7,260,56.277,0.58,1402,NaN,NaN,NaN,25,21,NaN,4510272,3273,1798,NaN,5000000.0,8,8432,6000000.0,NaN,NaN,NaN,14020,NaN,NaN,NaN,6645.842000000179,
cubic,7,7,260,56.33,0.608,1402,NaN,NaN,NaN,25,21,NaN,4529900,3287,1805,NaN,5000000.0,NaN,8460,6000000.0,NaN,NaN,NaN,14020,NaN,NaN,NaN,6677.773000001907,
cubic,7,7,260,56.139,0.234,1402,NaN,NaN,NaN,26,21,NaN,4549528,3303,1812,NaN,5200000.0,4,8496,6200000.0,NaN,NaN,NaN,14020,NaN,NaN,NaN,6709.826999999583,
cubic,7,7,260,56.364,0.697,1402,NaN,NaN,NaN,26,21,NaN,4569156,3317,1819,NaN,5200000.0,4,8528,6200000.0,NaN,NaN,NaN,14020,NaN,NaN,NaN,6741.869000002742,
cubic,7,7,260,57.371,1.98,1402,NaN,NaN,NaN,26,21,NaN,4588784,3331,1826,NaN,5100000.0,NaN,8556,6100000.0,NaN,NaN,NaN,14020,NaN,NaN,NaN,6773.862000003457,
cubic,7,7,260,59.139,1.851,1402,NaN,NaN,NaN,26,21,NaN,4605608,3343,1832,NaN,4900000.0,NaN,8584,5900000.0,NaN,NaN,NaN,14020,NaN,NaN,NaN,6801.9039999991655,
cubic,7,7,260,59.917,0.829,1402,NaN,NaN,NaN,26,21,NaN,4622432,3355,1838,NaN,4900000.0,4,8616,5800000.0,NaN,NaN,NaN,14020,NaN,NaN,NaN,6833.877000004053,
cubic,7,7,264,60.897,1.681,1402,NaN,NaN,NaN,26,21,NaN,4642060,3369,1845,NaN,4800000.0,NaN,8648,5700000.0,NaN,NaN,NaN,14020,NaN,NaN,NaN,6865.945000000298,
cubic,7,7,264,61.066,1.53,1402,NaN,NaN,NaN,27,21,NaN,4661688,3383,1852,NaN,5000000.0,4,8684,6000000.0,NaN,NaN,NaN,14020,NaN,NaN,NaN,6898.280000001192,
cubic,7,7,264,60.827,1.332,1402,NaN,NaN,NaN,27,21,NaN,4681316,3397,1859,NaN,5000000.0,4,8716,6000000.0,NaN,NaN,NaN,14020,NaN,NaN,NaN,6929.85000000149,
cubic,7,7,264,60.936,1.509,1402,NaN,NaN,NaN,27,21,NaN,4700944,3411,1866,NaN,5000000.0,4,8748,6000000.0,NaN,NaN,NaN,14020,NaN,NaN,NaN,6962.0689999982715,
cubic,7,7,264,60.897,1.557,1402,NaN,NaN,NaN,27,21,NaN,4720572,3425,1873,NaN,5000000.0,NaN,8776,6000000.0,NaN,NaN,NaN,14020,NaN,NaN,NaN,6993.968000002205,
cubic,7,7,264,61.087,1.625,1402,NaN,NaN,NaN,28,21,NaN,4737396,3439,1879,NaN,5100000.0,NaN,8808,6200000.0,NaN,NaN,NaN,14020,NaN,NaN,NaN,7025.824000000954,
cubic,7,7,264,61.21,1.794,1402,NaN,NaN,NaN,28,21,NaN,4754220,3451,1885,NaN,5100000.0,NaN,8836,6200000.0,NaN,NaN,NaN,14020,NaN,NaN,NaN,7053.946000002325,
cubic,7,7,264,62.913,3.741,1402,NaN,NaN,NaN,28,21,NaN,4773848,3465,1892,NaN,5000000.0,NaN,8868,6000000.0,NaN,NaN,NaN,14020,NaN,NaN,NaN,7085.928000003099,
cubic,7,7,268,64.497,2.889,1402,NaN,NaN,NaN,28,21,NaN,4790672,3477,1898,NaN,4900000.0,NaN,8896,5800000.0,NaN,NaN,NaN,14020,NaN,NaN,NaN,7113.928999997675,
cubic,7,7,268,65.157,2.213,1402,NaN,NaN,NaN,28,21,NaN,4807496,3489,1904,NaN,4800000.0,NaN,8924,5800000.0,NaN,NaN,NaN,14020,NaN,NaN,NaN,7141.803000003099,
cubic,7,7,268,65.823,2.165,1402,NaN,NaN,NaN,29,21,NaN,4824320,3501,1910,NaN,4900000.0,NaN,8952,5900000.0,NaN,NaN,NaN,14020,NaN,NaN,NaN,7169.78599999845,
cubic,7,7,268,66.129,2.198,1402,NaN,NaN,NaN,29,21,NaN,4841144,3513,1916,NaN,4900000.0,4,8984,5900000.0,NaN,NaN,NaN,14020,NaN,NaN,NaN,7197.854000002146,
cubic,7,7,268,65.589,1.989,1402,NaN,NaN,NaN,29,21,NaN,4860772,3527,1923,NaN,5000000.0,NaN,9012,6000000.0,NaN,NaN,NaN,14020,NaN,NaN,NaN,7229.925999999046,
cubic,7,7,268,65.719,2.032,1402,NaN,NaN,NaN,29,21,NaN,4877596,3539,1929,NaN,4900000.0,4,9044,5900000.0,NaN,NaN,NaN,14020,NaN,NaN,NaN,7258.052000001073,
cubic,7,7,268,65.506,2.085,1402,NaN,NaN,NaN,30,21,NaN,4897224,3555,1936,NaN,5100000.0,4,9076,6200000.0,NaN,NaN,NaN,14020,NaN,NaN,NaN,7290.280000001192,
cubic,7,7,268,65.248,1.835,1402,NaN,NaN,NaN,30,21,NaN,4914048,3567,1942,NaN,5200000.0,8,9108,6200000.0,NaN,NaN,NaN,14020,NaN,NaN,NaN,7322.050999999046,
cubic,7,7,268,66.368,3.071,1402,NaN,NaN,NaN,30,21,NaN,4933676,3581,1949,NaN,5100000.0,4,9140,6100000.0,NaN,NaN,NaN,14020,NaN,NaN,NaN,7353.928000003099,
cubic,7,7,272,69.15,3.099,1402,NaN,NaN,NaN,30,21,NaN,4953304,3595,1956,NaN,4900000.0,NaN,9168,5800000.0,NaN,NaN,NaN,14020,NaN,NaN,NaN,7385.8060000017285,
cubic,7,7,272,69.56,2.47,1402,NaN,NaN,NaN,30,21,NaN,4971530,3607,1963,NaN,4800000.0,4,9200,5800000.0,NaN,NaN,NaN,14020,NaN,NaN,NaN,7414.01099999994,
cubic,7,7,272,70.043,2.134,1402,NaN,NaN,NaN,26,21,NaN,4989756,3617,1970,NaN,4200000.0,NaN,9228,5000000.0,NaN,NaN,NaN,14020,NaN,NaN,NaN,7445.836999997497,
cubic,7,7,272,70.207,1.703,1402,NaN,NaN,NaN,21,21,NaN,5006580,3623,1976,NaN,3400000.0,NaN,9256,4000000.0,NaN,NaN,NaN,14020,NaN,NaN,NaN,7474.05000000447,
cubic,7,7,272,69.359,1.975,1402,NaN,NaN,NaN,21,21,NaN,5023404,3636,1983,NaN,3400000.0,4,9288,4099999.9999999995,NaN,NaN,NaN,14020,NaN,NaN,NaN,7501.965999998152,
cubic,7,7,264,61.209,3.568,1402,NaN,NaN,NaN,21,21,NaN,5040228,3648,1989,NaN,3800000.0,8,9320,4600000.0,NaN,NaN,NaN,14020,NaN,NaN,NaN,7533.804999999702,
cubic,7,7,256,55.554,4.123,1402,NaN,NaN,NaN,22,21,NaN,5059856,3662,1996,NaN,4400000.0,4,9352,5300000.0,NaN,NaN,NaN,14020,NaN,NaN,NaN,7565.734999999404,
cubic,7,7,256,53.041,2.413,1402,NaN,NaN,NaN,23,21,NaN,5079484,3677,2003,NaN,4900000.0,4,9384,5800000.0,NaN,NaN,NaN,14020,NaN,NaN,NaN,7597.807000003755,
cubic,7,7,256,52.132,0.718,1402,NaN,NaN,NaN,23,21,NaN,5099112,3691,2010,NaN,4900000.0,NaN,9412,5900000.0,NaN,NaN,NaN,14020,NaN,NaN,NaN,7629.799000002444,
cubic,7,7,256,52.042,0.212,1402,NaN,NaN,NaN,24,21,NaN,5115936,3705,2016,NaN,5200000.0,NaN,9440,6200000.0,NaN,NaN,NaN,14020,NaN,NaN,NaN,7657.840000003576,
cubic,7,7,252,51.992,0.097,1402,NaN,NaN,NaN,24,21,NaN,5132760,3717,2022,NaN,5200000.0,NaN,9468,6200000.0,NaN,NaN,NaN,14020,NaN,NaN,NaN,7686.046000003815,
cubic,7,7,256,52.213,1.296,1402,NaN,NaN,NaN,24,21,NaN,5149584,3729,2028,NaN,5200000.0,4,9500,6200000.0,NaN,NaN,NaN,14020,NaN,NaN,NaN,7713.9580000042915,
cubic,7,7,256,54.729,2.069,1402,NaN,NaN,NaN,24,21,NaN,5169212,3743,2035,NaN,4900000.0,4,9532,5900000.0,NaN,NaN,NaN,14020,NaN,NaN,NaN,7745.7360000014305,
cubic,7,7,256,55.675,1.022,1402,NaN,NaN,NaN,24,21,NaN,5186036,3755,2041,NaN,4800000.0,4,9560,5800000.0,NaN,NaN,NaN,14020,NaN,NaN,NaN,7777.928999997675,
cubic,7,7,256,55.89,0.377,1402,NaN,NaN,NaN,25,21,NaN,5202860,3767,2047,NaN,5000000.0,4,9588,6000000.0,NaN,NaN,NaN,14020,NaN,NaN,NaN,7805.902000002563,
cubic,7,7,260,56.343,0.707,1402,NaN,NaN,NaN,25,21,NaN,5225292,3783,2055,NaN,5000000.0,NaN,9624,6000000.0,NaN,NaN,NaN,14020,NaN,NaN,NaN,7837.942000001669,
cubic,7,7,260,56.519,0.973,1402,NaN,NaN,NaN,25,21,NaN,5242116,3795,2061,NaN,5000000.0,4,9656,6000000.0,NaN,NaN,NaN,14020,NaN,NaN,NaN,7869.9039999991655,
cubic,7,7,260,56.209,0.394,1402,NaN,NaN,NaN,25,21,NaN,5261744,3809,2068,NaN,5000000.0,4,9688,6000000.0,NaN,NaN,NaN,14020,NaN,NaN,NaN,7901.811999998987,
cubic,7,7,260,56.092,0.186,1402,NaN,NaN,NaN,26,21,NaN,5281372,3825,2075,NaN,5200000.0,NaN,9716,6200000.0,NaN,NaN,NaN,14020,NaN,NaN,NaN,7933.913000002503,
cubic,7,7,260,56.271,0.55,1402,NaN,NaN,NaN,26,21,NaN,5298196,3837,2081,NaN,5200000.0,4,9748,6200000.0,NaN,NaN,NaN,14020,NaN,NaN,NaN,7961.771999999881,
cubic,7,7,260,57.267,1.922,1402,NaN,NaN,NaN,26,21,NaN,5315020,3849,2087,NaN,5100000.0,8,9780,6100000.0,NaN,NaN,NaN,14020,NaN,NaN,NaN,7993.826999999583,
cubic,7,7,260,59.674,2.589,1402,NaN,NaN,NaN,26,21,NaN,5334648,3863,2094,NaN,4900000.0,4,9812,5900000.0,NaN,NaN,NaN,14020,NaN,NaN,NaN,8026.075999997556,
cubic,7,7,264,60.671,1.788,1402,NaN,NaN,NaN,26,21,NaN,5354276,3877,2101,NaN,4800000.0,4,9844,5800000.0,NaN,NaN,NaN,14020,NaN,NaN,NaN,8057.759999997914,
cubic,7,7,264,60.965,1.71,1402,NaN,NaN,NaN,27,21,NaN,5373904,3891,2108,NaN,5000000.0,NaN,9872,6000000.0,NaN,NaN,NaN,14020,NaN,NaN,NaN,8089.832000002265,
cubic,7,7,264,60.719,1.171,1402,NaN,NaN,NaN,27,21,NaN,5393532,3905,2115,NaN,5000000.0,4,9908,6000000.0,NaN,NaN,NaN,14020,NaN,NaN,NaN,8121.799000002444,
cubic,7,7,264,60.83,1.416,1402,NaN,NaN,NaN,27,21,NaN,5410356,3917,2121,NaN,5000000.0,8,9940,6000000.0,NaN,NaN,NaN,14020,NaN,NaN,NaN,8153.837999999523,
cubic,7,7,264,61.267,1.85,1402,NaN,NaN,NaN,27,21,NaN,5429984,3931,2128,NaN,4900000.0,NaN,9968,5900000.0,NaN,NaN,NaN,14020,NaN,NaN,NaN,8185.891000002623,
cubic,7,7,264,61.105,1.719,1402,NaN,NaN,NaN,27,21,NaN,5446808,3943,2134,NaN,5000000.0,NaN,9996,5900000.0,NaN,NaN,NaN,14020,NaN,NaN,NaN,8213.754000000656,
cubic,7,7,264,61.378,1.919,1402,NaN,NaN,NaN,28,21,NaN,5463632,3957,2140,NaN,5100000.0,NaN,10024,6100000.0,NaN,NaN,NaN,14020,NaN,NaN,NaN,8241.796000003815,
cubic,7,7,264,61.506,2.048,1402,NaN,NaN,NaN,28,21,NaN,5480456,3969,2146,NaN,5100000.0,NaN,10052,6100000.0,NaN,NaN,NaN,14020,NaN,NaN,NaN,8269.956000000238,
cubic,7,7,264,62.512,3.699,1402,NaN,NaN,NaN,28,21,NaN,5497280,3981,2152,NaN,5000000.0,NaN,10080,6000000.0,NaN,NaN,NaN,14020,NaN,NaN,NaN,8297.799000002444,
cubic,7,7,268,64.34,2.378,1402,NaN,NaN,NaN,28,21,NaN,5516908,3995,2159,NaN,4900000.0,4,10116,5900000.0,NaN,NaN,NaN,14020,NaN,NaN,NaN,8329.807000003755,
cubic,7,7,268,65.132,1.951,1402,NaN,NaN,NaN,28,21,NaN,5536536,4009,2166,NaN,4800000.0,4,10148,5800000.0,NaN,NaN,NaN,14020,NaN,NaN,NaN,8361.905000001192,
cubic,7,7,268,65.273,1.991,1402,NaN,NaN,NaN,29,21,NaN,5556164,4023,2173,NaN,5000000.0,4,10180,6000000.0,NaN,NaN,NaN,14020,NaN,NaN,NaN,8393.763000003994,
cubic,7,7,268,65.559,1.895,1402,NaN,NaN,NaN,29,21,NaN,5572988,4035,2179,NaN,5000000.0,4,10212,6000000.0,NaN,NaN,NaN,14020,NaN,NaN,NaN,8425.704999998212,
cubic,7,7,268,65.984,2.083,1402,NaN,NaN,NaN,29,21,NaN,5592616,4049,2186,NaN,4900000.0,4,10244,5900000.0,NaN,NaN,NaN,14020,NaN,NaN,NaN,8457.82500000298,
cubic,7,7,268,65.884,1.961,1402,NaN,NaN,NaN,29,21,NaN,5612244,4063,2193,NaN,4900000.0,4,10276,5900000.0,NaN,NaN,NaN,14020,NaN,NaN,NaN,8489.903999999166,
cubic,7,7,268,65.496,1.889,1402,NaN,NaN,NaN,29,21,NaN,5631872,4077,2200,NaN,5000000.0,4,10308,6000000.0,NaN,NaN,NaN,14020,NaN,NaN,NaN,8521.983000002801,
cubic,7,7,268,65.453,1.931,1402,NaN,NaN,NaN,30,21,NaN,5651500,4093,2207,NaN,5100000.0,NaN,10336,6200000.0,NaN,NaN,NaN,14020,NaN,NaN,NaN,8553.820000000298,
cubic,7,7,268,65.527,2.035,1402,NaN,NaN,NaN,30,21,NaN,5668324,4105,2213,NaN,5100000.0,4,10368,6200000.0,NaN,NaN,NaN,14020,NaN,NaN,NaN,8585.899000003934,
cubic,7,7,268,66.894,2.829,1402,NaN,NaN,NaN,29,21,NaN,5686550,4117,2220,NaN,4900000.0,4,10400,5800000.0,NaN,NaN,NaN,14020,NaN,NaN,NaN,8613.907999999821,
cubic,7,7,272,70.286,3.057,1402,NaN,NaN,NaN,25,21,NaN,5706178,4127,2227,NaN,4000000.0,4,10432,4800000.0,NaN,NaN,NaN,14020,NaN,NaN,NaN,8645.96100000292,
cubic,7,7,272,71.692,1.482,1402,NaN,NaN,NaN,21,21,NaN,5724404,4136,2234,NaN,3300000.0,NaN,10460,3900000.0,NaN,NaN,NaN,14020,NaN,NaN,NaN,8677.820000000298,
cubic,7,7,272,68.068,1.851,1402,NaN,NaN,NaN,21,21,NaN,5741228,4148,2240,NaN,3500000.0,4,10492,4200000.0,NaN,NaN,NaN,14020,NaN,NaN,NaN,8705.773000001907,
cubic,7,7,260,58.897,3.563,1402,NaN,NaN,NaN,22,21,NaN,5760856,4162,2247,NaN,4200000.0,4,10524,5000000.0,NaN,NaN,NaN,14020,NaN,NaN,NaN,8738.037000000477,
cubic,7,7,256,54.686,3.604,1402,NaN,NaN,NaN,22,21,NaN,5780484,4177,2254,NaN,4500000.0,4,10556,5400000.0,NaN,NaN,NaN,14020,NaN,NaN,NaN,8769.807000003755,
cubic,7,7,256,52.701,2.461,1402,NaN,NaN,NaN,22,21,NaN,5797308,4189,2260,NaN,4700000.0,8,10588,5600000.0,NaN,NaN,NaN,14020,NaN,NaN,NaN,8802.049000002444,
cubic,7,7,256,52.238,0.725,1402,NaN,NaN,NaN,22,21,NaN,5816936,4203,2267,NaN,4700000.0,4,10620,5700000.0,NaN,NaN,NaN,14020,NaN,NaN,NaN,8833.726999998093,
cubic,7,7,256,52.066,0.238,1402,NaN,NaN,NaN,23,21,NaN,5836564,4217,2274,NaN,5000000.0,4,10652,5900000.0,NaN,NaN,NaN,14020,NaN,NaN,NaN,8865.894000001252,
cubic,7,7,252,51.749,0.273,1402,NaN,NaN,NaN,23,21,NaN,5856192,4231,2281,NaN,5000000.0,4,10684,6000000.0,NaN,NaN,NaN,14020,NaN,NaN,NaN,8897.90300000459,
cubic,7,7,252,51.672,0.451,1402,NaN,NaN,NaN,23,21,NaN,5875820,4245,2288,NaN,5000000.0,4,10716,6000000.0,NaN,NaN,NaN,14020,NaN,NaN,NaN,8930.02800000459,
cubic,7,7,252,51.615,0.582,1402,NaN,NaN,NaN,23,21,NaN,5892644,4257,2294,NaN,5000000.0,4,10744,6000000.0,NaN,NaN,NaN,14020,NaN,NaN,NaN,8961.895000003278,
cubic,7,7,252,51.791,0.327,1402,NaN,NaN,NaN,23,21,NaN,5909468,4269,2300,NaN,5000000.0,8,10776,6000000.0,NaN,NaN,NaN,14020,NaN,NaN,NaN,8989.826999999583,
cubic,7,7,252,51.503,0.348,1402,NaN,NaN,NaN,24,21,NaN,5929096,4285,2307,NaN,5200000.0,4,10808,6300000.0,NaN,NaN,NaN,14020,NaN,NaN,NaN,9021.960000000894,
cubic,7,7,256,52.739,1.967,1402,NaN,NaN,NaN,24,21,NaN,5948724,4299,2314,NaN,5100000.0,NaN,10836,6100000.0,NaN,NaN,NaN,14020,NaN,NaN,NaN,9053.756000004709,
cubic,7,7,256,54.887,2.462,1402,NaN,NaN,NaN,24,21,NaN,5965548,4311,2320,NaN,4900000.0,NaN,10864,5900000.0,NaN,NaN,NaN,14020,NaN,NaN,NaN,9081.752000004053,
cubic,7,7,256,55.53,1.061,1402,NaN,NaN,NaN,25,21,NaN,5982372,4323,2326,NaN,5000000.0,NaN,10892,6100000.0,NaN,NaN,NaN,14020,NaN,NaN,NaN,9109.777000002563,
cubic,7,7,256,55.848,0.402,1402,NaN,NaN,NaN,25,21,NaN,6002000,4337,2333,NaN,5000000.0,NaN,10924,6000000.0,NaN,NaN,NaN,14020,NaN,NaN,NaN,9141.810000002384,
cubic,7,7,260,56.158,0.485,1402,NaN,NaN,NaN,25,21,NaN,6021628,4351,2340,NaN,5000000.0,4,10960,6000000.0,NaN,NaN,NaN,14020,NaN,NaN,NaN,9173.932999998331,
cubic,7,7,260,56.29,0.704,1402,NaN,NaN,NaN,26,21,NaN,6038452,4365,2346,NaN,5200000.0,4,10988,6200000.0,NaN,NaN,NaN,14020,NaN,NaN,NaN,9205.862999998033,
cubic,7,7,260,56.145,0.3,1402,NaN,NaN,NaN,26,21,NaN,6055276,4377,2352,NaN,5200000.0,8,11020,6200000.0,NaN,NaN,NaN,14020,NaN,NaN,NaN,9234.476000003517,
cubic,7,7,260,57.904,3.281,1402,NaN,NaN,NaN,26,21,NaN,6074904,4391,2359,NaN,5000000.0,4,11052,6000000.0,NaN,NaN,NaN,14020,NaN,NaN,NaN,9265.802000001073,
cubic,7,7,260,59.994,2.506,1402,NaN,NaN,NaN,26,21,NaN,6094532,4405,2366,NaN,4900000.0,4,11084,5800000.0,NaN,NaN,NaN,14020,NaN,NaN,NaN,9298.296000003815,
cubic,7,7,264,60.361,0.971,1402,NaN,NaN,NaN,27,21,NaN,6114160,4419,2373,NaN,5000000.0,4,11116,6000000.0,NaN,NaN,NaN,14020,NaN,NaN,NaN,9329.869000002742,
cubic,7,7,264,60.434,0.887,1402,NaN,NaN,NaN,27,21,NaN,6133788,4433,2380,NaN,5000000.0,NaN,11144,6000000.0,NaN,NaN,NaN,14020,NaN,NaN,NaN,9361.759000003338,
cubic,7,7,264,60.721,1.329,1402,NaN,NaN,NaN,27,21,NaN,6150612,4445,2386,NaN,5000000.0,NaN,11172,6000000.0,NaN,NaN,NaN,14020,NaN,NaN,NaN,9389.74700000137,
cubic,7,7,264,60.865,1.453,1402,NaN,NaN,NaN,27,21,NaN,6167436,4457,2392,NaN,5000000.0,4,11204,6000000.0,NaN,NaN,NaN,14020,NaN,NaN,NaN,9421.847000002861,
cubic,7,7,264,61.065,1.596,1402,NaN,NaN,NaN,28,21,NaN,6184260,4471,2398,NaN,5100000.0,NaN,11232,6200000.0,NaN,NaN,NaN,14020,NaN,NaN,NaN,9449.859999999404,
cubic,7,7,264,61.57,2.04,1402,NaN,NaN,NaN,28,21,NaN,6203888,4485,2405,NaN,5100000.0,NaN,11264,6100000.0,NaN,NaN,NaN,14020,NaN,NaN,NaN,9482.11400000006,
cubic,7,7,264,62.926,3.706,1402,NaN,NaN,NaN,28,21,NaN,6220712,4497,2411,NaN,5000000.0,NaN,11292,6000000.0,NaN,NaN,NaN,14020,NaN,NaN,NaN,9509.79699999839,
cubic,7,7,268,64.406,2.201,1402,NaN,NaN,NaN,29,21,NaN,6240340,4511,2418,NaN,5100000.0,4,11328,6100000.0,NaN,NaN,NaN,14020,NaN,NaN,NaN,9541.777000002563,
cubic,7,7,268,64.859,1.689,1402,NaN,NaN,NaN,29,21,NaN,6259968,4525,2425,NaN,5000000.0,4,11360,6000000.0,NaN,NaN,NaN,14020,NaN,NaN,NaN,9574.034000001848,
cubic,7,7,268,65.222,1.862,1402,NaN,NaN,NaN,29,21,NaN,6279596,4539,2432,NaN,5000000.0,NaN,11388,6000000.0,NaN,NaN,NaN,14020,NaN,NaN,NaN,9605.95000000298,
cubic,7,7,268,65.456,1.979,1402,NaN,NaN,NaN,29,21,NaN,6296420,4551,2438,NaN,5000000.0,NaN,11416,6000000.0,NaN,NaN,NaN,14020,NaN,NaN,NaN,9633.778999999166,
cubic,7,7,268,65.417,1.93,1402,NaN,NaN,NaN,29,21,NaN,6310440,4561,2443,NaN,5000000.0,4,11444,6000000.0,NaN,NaN,NaN,14020,NaN,NaN,NaN,9661.77199999988,
cubic,7,7,268,65.767,2.074,1402,NaN,NaN,NaN,30,21,NaN,6330068,4577,2450,NaN,5100000.0,NaN,11476,6100000.0,NaN,NaN,NaN,14020,NaN,NaN,NaN,9693.722999997437,
cubic,7,7,268,66.104,2.142,1402,NaN,NaN,NaN,30,21,NaN,6349696,4591,2457,NaN,5100000.0,NaN,11508,6100000.0,NaN,NaN,NaN,14020,NaN,NaN,NaN,9725.748000003397,
cubic,7,7,268,67.559,4.02,1402,NaN,NaN,NaN,30,21,NaN,6366520,4603,2463,NaN,5000000.0,NaN,11536,6000000.0,NaN,NaN,NaN,14020,NaN,NaN,NaN,9753.743000000715,
cubic,7,7,272,69.347,2.926,1402,NaN,NaN,NaN,30,21,NaN,6383344,4615,2469,NaN,4900000.0,NaN,11564,5800000.0,NaN,NaN,NaN,14020,NaN,NaN,NaN,9781.81100000441,
cubic,7,7,272,70.173,2.274,1402,NaN,NaN,NaN,31,21,NaN,6400168,4627,2475,NaN,5000000.0,4,11596,5900000.0,NaN,NaN,NaN,14020,NaN,NaN,NaN,9809.95300000161,
cubic,7,7,272,70.086,2.079,1402,NaN,NaN,NaN,31,21,NaN,6419796,4641,2482,NaN,5000000.0,NaN,11624,6000000.0,NaN,NaN,NaN,14020,NaN,NaN,NaN,9841.844999998808,
cubic,7,7,272,69.825,2.066,1402,NaN,NaN,NaN,31,21,NaN,6439424,4655,2489,NaN,5000000.0,NaN,11656,6000000.0,NaN,NaN,NaN,14020,NaN,NaN,NaN,9873.818000003695,
cubic,7,7,272,70.074,1.89,1402,NaN,NaN,NaN,31,21,NaN,6456248,4667,2495,NaN,5000000.0,4,11688,6000000.0,NaN,NaN,NaN,14020,NaN,NaN,NaN,9905.858000002801,
cubic,7,7,272,70.187,1.763,1402,NaN,NaN,NaN,31,21,NaN,6473072,4679,2501,NaN,5000000.0,4,11716,5900000.0,NaN,NaN,NaN,14020,NaN,NaN,NaN,9933.781999997795,
cubic,7,7,272,70.341,1.617,1402,NaN,NaN,NaN,32,21,NaN,6489896,4693,2507,NaN,5100000.0,NaN,11744,6100000.0,NaN,NaN,NaN,14020,NaN,NaN,NaN,9961.942000001669,
cubic,7,7,272,70.367,1.533,1402,NaN,NaN,NaN,32,21,NaN,6506720,4705,2513,NaN,5100000.0,NaN,11772,6100000.0,NaN,NaN,NaN,14020,NaN,NaN,NaN,9989.949000000954,
cubic,7,7,272,71.082,2.539,1402,NaN,NaN,NaN,32,21,NaN,6526348,4719,2520,NaN,5000000.0,4,11808,6100000.0,NaN,NaN,NaN,14020,NaN,NaN,NaN,10022.057999998331,
cubic,7,7,276,73.5,2.804,1402,NaN,NaN,NaN,32,21,NaN,6545976,4733,2527,NaN,4900000.0,NaN,11836,5900000.0,NaN,NaN,NaN,14020,NaN,NaN,NaN,10053.689999997616,
cubic,7,7,276,74.588,2.057,1402,NaN,NaN,NaN,33,21,NaN,6562800,4745,2533,NaN,5000000.0,NaN,11864,6000000.0,NaN,NaN,NaN,14020,NaN,NaN,NaN,10081.855999998748,
cubic,7,7,276,75.055,1.443,1402,NaN,NaN,NaN,33,21,NaN,6579624,4757,2539,NaN,4900000.0,4,11896,5900000.0,NaN,NaN,NaN,14020,NaN,NaN,NaN,10109.858000002801,
cubic,7,7,276,74.921,1.149,1402,NaN,NaN,NaN,33,21,NaN,6599252,4771,2546,NaN,4900000.0,4,11928,5900000.0,NaN,NaN,NaN,14020,NaN,NaN,NaN,10142.126000002027,
cubic,7,7,276,74.562,1.432,1402,NaN,NaN,NaN,31,23,NaN,6616076,4782,2553,NaN,4700000.0,4,11956,5600000.0,NaN,NaN,NaN,14020,NaN,NaN,NaN,10173.88599999994,
cubic,7,7,276,74.844,1.215,1402,NaN,NaN,NaN,27,23,NaN,6632900,4790,2559,NaN,4000000.0,4,11984,4900000.0,NaN,NaN,NaN,14020,NaN,NaN,NaN,10201.741000004113,
cubic,7,7,276,74.865,1.001,1402,NaN,NaN,NaN,23,23,NaN,6649724,4798,2565,NaN,3400000.0,4,12012,4099999.9999999995,NaN,NaN,NaN,14020,NaN,NaN,NaN,10229.822999998927,
cubic,7,7,276,73.361,1.466,1402,NaN,NaN,NaN,23,23,NaN,6666548,4810,2572,NaN,3500000.0,4,12040,4200000.0,NaN,NaN,NaN,14020,NaN,NaN,NaN,10257.843000002205,
cubic,7,7,268,66.734,2.76,1402,NaN,NaN,NaN,23,23,NaN,6683372,4821,2578,NaN,3900000.0,NaN,12068,4600000.0,NaN,NaN,NaN,14020,NaN,NaN,NaN,10285.773000001907,
cubic,7,7,264,61.312,3.098,1402,NaN,NaN,NaN,24,23,NaN,6700196,4835,2584,NaN,4400000.0,NaN,12096,5300000.0,NaN,NaN,NaN,14020,NaN,NaN,NaN,10313.682999998331,
cubic,7,7,260,57.035,3.559,1402,NaN,NaN,NaN,24,23,NaN,6717020,4847,2590,NaN,4700000.0,NaN,12124,5700000.0,NaN,NaN,NaN,14020,NaN,NaN,NaN,10341.623999997973,
cubic,7,7,260,56.862,1.664,1402,NaN,NaN,NaN,25,23,NaN,6733844,4859,2596,NaN,4900000.0,NaN,12152,5900000.0,NaN,NaN,NaN,14020,NaN,NaN,NaN,10369.759999997914,
cubic,7,7,260,56.798,1.474,1402,NaN,NaN,NaN,25,23,NaN,6750668,4871,2602,NaN,4900000.0,NaN,12180,5900000.0,NaN,NaN,NaN,14020,NaN,NaN,NaN,10397.89999999851,
cubic,7,7,260,56.378,0.667,1402,NaN,NaN,NaN,26,23,NaN,6767492,4885,2608,NaN,5200000.0,4,12212,6200000.0,NaN,NaN,NaN,14020,NaN,NaN,NaN,10425.848999999464,
cubic,7,7,260,56.154,0.273,1402,NaN,NaN,NaN,26,23,NaN,6787120,4899,2615,NaN,5200000.0,NaN,12240,6200000.0,NaN,NaN,NaN,14020,NaN,NaN,NaN,10457.730000004172,
cubic,7,7,260,58.099,2.525,1402,NaN,NaN,NaN,26,23,NaN,6803944,4911,2621,NaN,5000000.0,NaN,12268,6000000.0,NaN,NaN,NaN,14020,NaN,NaN,NaN,10485.76399999857,
cubic,7,7,260,59.844,2.005,1402,NaN,NaN,NaN,26,23,NaN,6820768,4923,2627,NaN,4900000.0,NaN,12296,5800000.0,NaN,NaN,NaN,14020,NaN,NaN,NaN,10513.88899999857,
cubic,7,7,264,60.253,0.808,1402,NaN,NaN,NaN,27,23,NaN,6840396,4937,2634,NaN,5000000.0,NaN,12328,6000000.0,NaN,NaN,NaN,14020,NaN,NaN,NaN,10545.91400000453,
cubic,7,7,264,60.431,0.837,1402,NaN,NaN,NaN,27,23,NaN,6857220,4949,2640,NaN,5000000.0,NaN,12356,6000000.0,NaN,NaN,NaN,14020,NaN,NaN,NaN,10573.770000003278,
cubic,7,7,264,60.714,1.259,1402,NaN,NaN,NaN,27,23,NaN,6874044,4961,2646,NaN,5000000.0,4,12388,6000000.0,NaN,NaN,NaN,14020,NaN,NaN,NaN,10605.748000003397,
cubic,7,7,264,60.839,1.466,1402,NaN,NaN,NaN,27,23,NaN,6890868,4973,2652,NaN,5000000.0,4,12416,6000000.0,NaN,NaN,NaN,14020,NaN,NaN,NaN,10633.95000000298,
cubic,7,7,264,61.467,1.959,1402,NaN,NaN,NaN,28,23,NaN,6910496,4989,2659,NaN,5100000.0,NaN,12448,6100000.0,NaN,NaN,NaN,14020,NaN,NaN,NaN,10665.832000002265,
cubic,7,7,264,61.549,2.042,1402,NaN,NaN,NaN,28,23,NaN,6927320,5001,2665,NaN,5100000.0,NaN,12476,6100000.0,NaN,NaN,NaN,14020,NaN,NaN,NaN,10693.807000003755,
cubic,7,7,264,62.444,2.987,1402,NaN,NaN,NaN,28,23,NaN,6946948,5015,2672,NaN,5000000.0,NaN,12508,6000000.0,NaN,NaN,NaN,14020,NaN,NaN,NaN,10725.947999998927,
cubic,7,7,268,64.15,1.924,1402,NaN,NaN,NaN,28,23,NaN,6966576,5029,2679,NaN,4900000.0,4,12544,5900000.0,NaN,NaN,NaN,14020,NaN,NaN,NaN,10757.936999998987,
cubic,7,7,268,64.888,1.8,1402,NaN,NaN,NaN,28,23,NaN,6986204,5043,2686,NaN,4800000.0,NaN,12572,5800000.0,NaN,NaN,NaN,14020,NaN,NaN,NaN,10789.76099999994,
cubic,7,7,268,65.242,1.978,1402,NaN,NaN,NaN,28,23,NaN,7003028,5055,2692,NaN,4800000.0,NaN,12600,5800000.0,NaN,NaN,NaN,14020,NaN,NaN,NaN,10817.829000003636,
cubic,7,7,268,65.097,1.721,1402,NaN,NaN,NaN,29,23,NaN,7019852,5067,2698,NaN,5000000.0,4,12632,6000000.0,NaN,NaN,NaN,14020,NaN,NaN,NaN,10849.770999997854,
cubic,7,7,268,65.515,1.959,1402,NaN,NaN,NaN,29,23,NaN,7036676,5079,2704,NaN,5000000.0,NaN,12660,6000000.0,NaN,NaN,NaN,14020,NaN,NaN,NaN,10877.77800000459,
cubic,7,7,268,66.029,2.096,1402,NaN,NaN,NaN,29,23,NaN,7056304,5093,2711,NaN,4900000.0,NaN,12692,5900000.0,NaN,NaN,NaN,14020,NaN,NaN,NaN,10909.722000002861,
cubic,7,7,268,65.741,2.208,1402,NaN,NaN,NaN,26,20,NaN,7073128,5103,2718,NaN,4400000.0,NaN,12720,5300000.0,NaN,NaN,NaN,14020,NaN,NaN,NaN,10937.831000000238,
cubic,7,7,268,65.502,1.671,1402,NaN,NaN,NaN,22,20,NaN,7089952,5111,2724,NaN,3800000.0,4,12752,4500000.0,NaN,NaN,NaN,14020,NaN,NaN,NaN,10965.763000003994,
cubic,7,7,268,65.4,1.569,1402,NaN,NaN,NaN,20,20,NaN,7109580,5123,2732,NaN,3400000.0,4,12784,4099999.9999999995,NaN,NaN,NaN,14020,NaN,NaN,NaN,10998.093000002205,
cubic,7,7,260,57.377,3.132,1402,NaN,NaN,NaN,21,20,NaN,7129208,5137,2739,NaN,4099999.9999999995,4,12816,4900000.0,NaN,NaN,NaN,14020,NaN,NaN,NaN,11029.86100000143,
cubic,7,7,252,51.492,3.934,1402,NaN,NaN,NaN,21,20,NaN,7146032,5149,2745,NaN,4600000.0,8,12848,5500000.0,NaN,NaN,NaN,14020,NaN,NaN,NaN,11061.88899999857,
cubic,7,7,252,48.83,2.516,1402,NaN,NaN,NaN,21,20,NaN,7165660,5163,2752,NaN,4800000.0,4,12880,5800000.0,NaN,NaN,NaN,14020,NaN,NaN,NaN,11093.866999998689,
cubic,7,7,248,47.635,1.022,1402,NaN,NaN,NaN,21,20,NaN,7185288,5177,2759,NaN,4900000.0,4,12912,5900000.0,NaN,NaN,NaN,14020,NaN,NaN,NaN,11125.8030000031,
cubic,7,7,248,47.24,0.939,1402,NaN,NaN,NaN,21,20,NaN,7204916,5191,2766,NaN,5000000.0,4,12944,6000000.0,NaN,NaN,NaN,14020,NaN,NaN,NaN,11157.943000003695,
cubic,7,7,248,47.419,0.816,1402,NaN,NaN,NaN,22,20,NaN,7224544,5207,2773,NaN,5200000.0,4,12976,6200000.0,NaN,NaN,NaN,14020,NaN,NaN,NaN,11189.957000002265,
cubic,7,7,252,48.406,1.841,1402,NaN,NaN,NaN,22,20,NaN,7244172,5221,2780,NaN,5100000.0,4,13008,6100000.0,NaN,NaN,NaN,14020,NaN,NaN,NaN,11221.899000003934,
cubic,7,7,252,49.911,2.385,1402,NaN,NaN,NaN,22,20,NaN,7260996,5233,2786,NaN,4900000.0,4,13036,5900000.0,NaN,NaN,NaN,14020,NaN,NaN,NaN,11254.131000004709,
cubic,7,7,252,51.026,1.49,1402,NaN,NaN,NaN,22,20,NaN,7277820,5245,2792,NaN,4800000.0,4,13068,5800000.0,NaN,NaN,NaN,14020,NaN,NaN,NaN,11282.068000003695,
cubic,7,7,252,51.599,0.675,1402,NaN,NaN,NaN,23,20,NaN,7297448,5259,2799,NaN,5000000.0,NaN,13096,6000000.0,NaN,NaN,NaN,14020,NaN,NaN,NaN,11313.807000003755,
cubic,7,7,252,51.448,0.555,1402,NaN,NaN,NaN,23,20,NaN,7314272,5271,2805,NaN,5000000.0,4,13128,6000000.0,NaN,NaN,NaN,14020,NaN,NaN,NaN,11342.21400000155,
cubic,7,7,252,51.454,0.65,1402,NaN,NaN,NaN,23,20,NaN,7333900,5285,2812,NaN,5000000.0,4,13160,6000000.0,NaN,NaN,NaN,14020,NaN,NaN,NaN,11373.879000000656,
cubic,7,7,252,51.778,0.373,1402,NaN,NaN,NaN,24,20,NaN,7353528,5301,2819,NaN,5200000.0,NaN,13188,6200000.0,NaN,NaN,NaN,14020,NaN,NaN,NaN,11405.690999999642,
cubic,7,7,252,51.408,0.254,1402,NaN,NaN,NaN,24,20,NaN,7373156,5315,2826,NaN,5200000.0,4,13224,6300000.0,NaN,NaN,NaN,14020,NaN,NaN,NaN,11437.722999997437,
cubic,7,7,256,53.045,2.359,1402,NaN,NaN,NaN,24,20,NaN,7389980,5327,2832,NaN,5100000.0,8,13256,6100000.0,NaN,NaN,NaN,14020,NaN,NaN,NaN,11469.722999997437,
cubic,7,7,256,55.232,2.397,1402,NaN,NaN,NaN,24,20,NaN,7409608,5341,2839,NaN,4900000.0,4,13288,5800000.0,NaN,NaN,NaN,14020,NaN,NaN,NaN,11501.656999997795,
cubic,7,7,260,56.038,1.087,1402,NaN,NaN,NaN,25,20,NaN,7429236,5355,2846,NaN,5000000.0,4,13320,6000000.0,NaN,NaN,NaN,14020,NaN,NaN,NaN,11533.70000000298,
cubic,7,7,260,56.026,0.23,1402,NaN,NaN,NaN,25,20,NaN,7448864,5369,2853,NaN,5000000.0,NaN,13348,6000000.0,NaN,NaN,NaN,14020,NaN,NaN,NaN,11565.809000000358,
cubic,7,7,260,56.022,0.113,1402,NaN,NaN,NaN,25,20,NaN,7465688,5381,2859,NaN,5000000.0,4,13380,6000000.0,NaN,NaN,NaN,14020,NaN,NaN,NaN,11593.92500000447,
cubic,7,7,260,56.26,0.492,1402,NaN,NaN,NaN,26,20,NaN,7485316,5397,2866,NaN,5200000.0,NaN,13408,6200000.0,NaN,NaN,NaN,14020,NaN,NaN,NaN,11625.991000004113,
cubic,7,7,260,56.407,0.702,1402,NaN,NaN,NaN,26,20,NaN,7502140,5409,2872,NaN,5200000.0,4,13440,6200000.0,NaN,NaN,NaN,14020,NaN,NaN,NaN,11653.751000002027,
cubic,7,7,260,58.606,2.954,1402,NaN,NaN,NaN,26,20,NaN,7518964,5421,2878,NaN,5000000.0,NaN,13468,6000000.0,NaN,NaN,NaN,14020,NaN,NaN,NaN,11685.85300000012,
cubic,7,7,264,60.087,2.139,1402,NaN,NaN,NaN,27,20,NaN,7535788,5433,2884,NaN,5000000.0,4,13500,6000000.0,NaN,NaN,NaN,14020,NaN,NaN,NaN,11713.791000001132,
cubic,7,7,264,60.739,1.418,1402,NaN,NaN,NaN,27,20,NaN,7555416,5447,2891,NaN,5000000.0,NaN,13528,6000000.0,NaN,NaN,NaN,14020,NaN,NaN,NaN,11745.854000002146,
cubic,7,7,264,60.613,1.075,1402,NaN,NaN,NaN,27,20,NaN,7577848,5463,2899,NaN,5000000.0,NaN,13564,6000000.0,NaN,NaN,NaN,14020,NaN,NaN,NaN,11777.822999998927,
cubic,7,7,264,60.899,1.429,1402,NaN,NaN,NaN,27,20,NaN,7594672,5475,2905,NaN,5000000.0,NaN,13592,6000000.0,NaN,NaN,NaN,14020,NaN,NaN,NaN,11809.791000001132,
cubic,7,7,264,61.008,1.606,1402,NaN,NaN,NaN,27,20,NaN,7611496,5487,2911,NaN,5000000.0,4,13624,6000000.0,NaN,NaN,NaN,14020,NaN,NaN,NaN,11837.795000001788,
cubic,7,7,264,60.664,1.159,1402,NaN,NaN,NaN,28,20,NaN,7631124,5503,2918,NaN,5200000.0,4,13656,6200000.0,NaN,NaN,NaN,14020,NaN,NaN,NaN,11869.832000002265,
cubic,7,7,264,61.014,1.575,1402,NaN,NaN,NaN,28,20,NaN,7647948,5515,2924,NaN,5100000.0,4,13688,6200000.0,NaN,NaN,NaN,14020,NaN,NaN,NaN,11901.811999998987,
cubic,7,7,268,64.01,3.315,1402,NaN,NaN,NaN,28,20,NaN,7667576,5529,2931,NaN,4900000.0,NaN,13716,5900000.0,NaN,NaN,NaN,14020,NaN,NaN,NaN,11933.66400000453,
cubic,7,7,268,65.197,2.535,1402,NaN,NaN,NaN,29,20,NaN,7684400,5541,2937,NaN,5000000.0,NaN,13744,6000000.0,NaN,NaN,NaN,14020,NaN,NaN,NaN,11961.73900000006,
cubic,7,7,268,65.851,2.231,1402,NaN,NaN,NaN,29,20,NaN,7701224,5553,2943,NaN,4900000.0,NaN,13772,5900000.0,NaN,NaN,NaN,14020,NaN,NaN,NaN,11989.9280000031,
cubic,7,7,268,66.102,2.166,1402,NaN,NaN,NaN,29,20,NaN,7718048,5565,2949,NaN,4900000.0,4,13804,5900000.0,NaN,NaN,NaN,14020,NaN,NaN,NaN,12018.005000002682,
cubic,7,7,268,65.564,1.942,1402,NaN,NaN,NaN,29,20,NaN,7737676,5579,2956,NaN,5000000.0,NaN,13832,6000000.0,NaN,NaN,NaN,14020,NaN,NaN,NaN,12049.673000000417,
cubic,7,7,268,65.45,1.872,1402,NaN,NaN,NaN,30,20,NaN,7754500,5593,2962,NaN,5100000.0,NaN,13860,6200000.0,NaN,NaN,NaN,14020,NaN,NaN,NaN,12077.782999999821,
cubic,7,7,268,65.649,1.978,1402,NaN,NaN,NaN,30,20,NaN,7771324,5605,2968,NaN,5100000.0,4,13892,6200000.0,NaN,NaN,NaN,14020,NaN,NaN,NaN,12105.777000002563,
cubic,7,7,268,65.517,2.022,1402,NaN,NaN,NaN,30,20,NaN,7790952,5619,2975,NaN,5100000.0,4,13924,6200000.0,NaN,NaN,NaN,14020,NaN,NaN,NaN,12137.883000001311,
cubic,7,7,268,67.536,1.922,1402,NaN,NaN,NaN,30,20,NaN,7807776,5631,2981,NaN,5000000.0,8,13956,6000000.0,NaN,NaN,NaN,14020,NaN,NaN,NaN,12169.987999998033,
cubic,7,7,272,69.497,2.396,1402,NaN,NaN,NaN,30,20,NaN,7827404,5645,2988,NaN,4800000.0,4,13988,5800000.0,NaN,NaN,NaN,14020,NaN,NaN,NaN,12201.890000000596,
cubic,7,7,272,70.358,2.078,1402,NaN,NaN,NaN,31,20,NaN,7847032,5659,2995,NaN,4900000.0,4,14020,5900000.0,NaN,NaN,NaN,14020,NaN,NaN,NaN,12233.785000003874,
cubic,7,7,272,69.835,1.294,1402,NaN,NaN,NaN,31,20,NaN,7866660,5673,3002,NaN,5000000.0,4,14052,6000000.0,NaN,NaN,NaN,14020,NaN,NaN,NaN,12265.73600000143,
cubic,7,7,272,71.129,2.435,1402,NaN,NaN,NaN,26,21,NaN,7884886,5682,3009,NaN,4099999.9999999995,NaN,14080,4900000.0,NaN,NaN,NaN,14020,NaN,NaN,NaN,12297.83900000155,
cubic,7,7,272,71.886,1.367,1402,NaN,NaN,NaN,21,21,NaN,7901710,5689,3015,NaN,3300000.0,8,14112,3900000.0,NaN,NaN,NaN,14020,NaN,NaN,NaN,12325.858999997377,
cubic,7,7,272,71.114,0.792,1402,NaN,NaN,NaN,21,21,NaN,7919936,5702,3022,NaN,3300000.0,8,14144,4000000.0,NaN,NaN,NaN,14020,NaN,NaN,NaN,12357.917000003159,
cubic,7,7,264,61.853,2.775,1402,NaN,NaN,NaN,22,21,NaN,7939564,5716,3029,NaN,4000000.0,4,14176,4800000.0,NaN,NaN,NaN,14020,NaN,NaN,NaN,12389.881000004709,
cubic,7,7,256,55.831,3.57,1402,NaN,NaN,NaN,22,21,NaN,7959192,5730,3036,NaN,4400000.0,4,14208,5300000.0,NaN,NaN,NaN,14020,NaN,NaN,NaN,12421.774000003934,
cubic,7,7,256,53.239,2.303,1402,NaN,NaN,NaN,23,21,NaN,7978820,5745,3043,NaN,4800000.0,4,14240,5800000.0,NaN,NaN,NaN,14020,NaN,NaN,NaN,12453.737000003457,
cubic,7,7,256,52.238,0.785,1402,NaN,NaN,NaN,23,21,NaN,7998448,5759,3050,NaN,4900000.0,4,14272,5900000.0,NaN,NaN,NaN,14020,NaN,NaN,NaN,12485.765000000596,
cubic,7,7,256,52.573,1.241,1402,NaN,NaN,NaN,24,21,NaN,8015272,5773,3056,NaN,5100000.0,8,14304,6100000.0,NaN,NaN,NaN,14020,NaN,NaN,NaN,12517.865000002086,
cubic,7,7,252,51.834,0.538,1402,NaN,NaN,NaN,24,21,NaN,8034900,5787,3063,NaN,5200000.0,4,14336,6200000.0,NaN,NaN,NaN,14020,NaN,NaN,NaN,12549.765000000596,
cubic,7,7,256,53.906,2.412,1402,NaN,NaN,NaN,24,21,NaN,8054528,5801,3070,NaN,5000000.0,NaN,14364,6000000.0,NaN,NaN,NaN,14020,NaN,NaN,NaN,12581.854000002146,
cubic,7,7,256,55.473,1.569,1402,NaN,NaN,NaN,24,21,NaN,8074156,5815,3077,NaN,4900000.0,4,14400,5800000.0,NaN,NaN,NaN,14020,NaN,NaN,NaN,12613.71100000292,
cubic,7,7,260,56.065,0.669,1402,NaN,NaN,NaN,25,21,NaN,8093784,5829,3084,NaN,5000000.0,NaN,14428,6000000.0,NaN,NaN,NaN,14020,NaN,NaN,NaN,12645.820000000298,
cubic,7,7,260,56.035,0.194,1402,NaN,NaN,NaN,25,21,NaN,8110608,5841,3090,NaN,5000000.0,NaN,14456,6000000.0,NaN,NaN,NaN,14020,NaN,NaN,NaN,12673.804999999702,
cubic,7,7,256,55.999,0.102,1402,NaN,NaN,NaN,25,21,NaN,8127432,5853,3096,NaN,5000000.0,NaN,14484,6000000.0,NaN,NaN,NaN,14020,NaN,NaN,NaN,12701.836999997497,
cubic,7,7,260,56.238,0.526,1402,NaN,NaN,NaN,25,21,NaN,8144256,5865,3102,NaN,5000000.0,4,14516,6000000.0,NaN,NaN,NaN,14020,NaN,NaN,NaN,12729.91099999845,
cubic,7,7,260,56.349,0.708,1402,NaN,NaN,NaN,25,21,NaN,8161080,5877,3108,NaN,5000000.0,4,14544,6000000.0,NaN,NaN,NaN,14020,NaN,NaN,NaN,12761.936999998987,
cubic,7,7,260,56.602,1.15,1402,NaN,NaN,NaN,26,21,NaN,8177904,5891,3114,NaN,5200000.0,NaN,14572,6200000.0,NaN,NaN,NaN,14020,NaN,NaN,NaN,12789.796000003815,
cubic,7,7,260,56.733,1.327,1402,NaN,NaN,NaN,26,21,NaN,8194728,5903,3120,NaN,5100000.0,NaN,14600,6200000.0,NaN,NaN,NaN,14020,NaN,NaN,NaN,12817.818999998271,
cubic,7,7,260,58.118,3.073,1402,NaN,NaN,NaN,26,21,NaN,8211552,5915,3126,NaN,5000000.0,4,14632,6000000.0,NaN,NaN,NaN,14020,NaN,NaN,NaN,12845.840999998152,
cubic,7,7,260,59.777,2.118,1402,NaN,NaN,NaN,26,21,NaN,8231180,5929,3133,NaN,4900000.0,4,14664,5900000.0,NaN,NaN,NaN,14020,NaN,NaN,NaN,12877.851000003517,
cubic,7,7,264,60.598,1.478,1402,NaN,NaN,NaN,27,21,NaN,8250808,5943,3140,NaN,5000000.0,NaN,14692,6000000.0,NaN,NaN,NaN,14020,NaN,NaN,NaN,12909.9280000031,
cubic,7,7,264,60.953,1.68,1402,NaN,NaN,NaN,27,21,NaN,8267632,5955,3146,NaN,5000000.0,4,14724,6000000.0,NaN,NaN,NaN,14020,NaN,NaN,NaN,12937.759000003338,
cubic,7,7,264,60.692,1.167,1402,NaN,NaN,NaN,27,21,NaN,8287260,5969,3153,NaN,5000000.0,NaN,14752,6000000.0,NaN,NaN,NaN,14020,NaN,NaN,NaN,12969.916000001132,
cubic,7,7,264,60.615,1.117,1402,NaN,NaN,NaN,27,21,NaN,8304084,5981,3159,NaN,5000000.0,NaN,14780,6000000.0,NaN,NaN,NaN,14020,NaN,NaN,NaN,12997.697999998927,
cubic,7,7,264,60.81,1.365,1402,NaN,NaN,NaN,27,21,NaN,8320908,5993,3165,NaN,5000000.0,NaN,14808,6000000.0,NaN,NaN,NaN,14020,NaN,NaN,NaN,13025.815999999642,
cubic,7,7,264,60.889,1.514,1402,NaN,NaN,NaN,27,21,NaN,8337732,6005,3171,NaN,5000000.0,4,14840,6000000.0,NaN,NaN,NaN,14020,NaN,NaN,NaN,13053.800999999046,
cubic,7,7,264,60.642,1.212,1402,NaN,NaN,NaN,28,21,NaN,8354556,6019,3177,NaN,5200000.0,4,14868,6200000.0,NaN,NaN,NaN,14020,NaN,NaN,NaN,13085.79699999839,
cubic,7,7,264,60.981,1.555,1402,NaN,NaN,NaN,28,21,NaN,8371380,6031,3183,NaN,5100000.0,NaN,14896,6200000.0,NaN,NaN,NaN,14020,NaN,NaN,NaN,13113.800999999046,
cubic,7,7,264,61.167,1.817,1402,NaN,NaN,NaN,28,21,NaN,8388204,6043,3189,NaN,5100000.0,NaN,14924,6200000.0,NaN,NaN,NaN,14020,NaN,NaN,NaN,13141.826999999583,
cubic,7,7,264,63.758,2.792,1402,NaN,NaN,NaN,28,21,NaN,8405028,6055,3195,NaN,4900000.0,4,14956,5900000.0,NaN,NaN,NaN,14020,NaN,NaN,NaN,13169.814999997616,
cubic,7,7,268,65.119,2.329,1402,NaN,NaN,NaN,28,21,NaN,8424656,6069,3202,NaN,4800000.0,4,14988,5800000.0,NaN,NaN,NaN,14020,NaN,NaN,NaN,13201.788000002503,
cubic,7,7,268,65.601,2.094,1402,NaN,NaN,NaN,28,21,NaN,8444284,6083,3209,NaN,4800000.0,4,15020,5700000.0,NaN,NaN,NaN,14020,NaN,NaN,NaN,13233.8030000031,
cubic,7,7,268,65.62,2.148,1402,NaN,NaN,NaN,29,21,NaN,8463912,6097,3216,NaN,5000000.0,4,15052,5900000.0,NaN,NaN,NaN,14020,NaN,NaN,NaN,13265.810000002384,
cubic,7,7,268,65.338,1.963,1402,NaN,NaN,NaN,29,21,NaN,8480736,6109,3222,NaN,5000000.0,4,15080,6000000.0,NaN,NaN,NaN,14020,NaN,NaN,NaN,13297.837999999523,
cubic,7,7,268,65.341,1.996,1402,NaN,NaN,NaN,29,21,NaN,8497560,6121,3228,NaN,5000000.0,4,15108,6000000.0,NaN,NaN,NaN,14020,NaN,NaN,NaN,13325.700999997556,
