Timestamp: 53855000.6,ECN Marks counter: 810375,Dropped Packets counter: 161247,Step marks counter: 199811,Packet counter: 14755166,
dualpi2,1414908385,0,0,0,0,0.079666,0,0,0,0,1116,0,0,599,
dualpi2,1414914257,4,0,0,0,0.079666,0,0,0,0,1116,0,0,613,
dualpi2,1414923065,10,0,0,0,0.063464,0,0,0,0,1116,0,0,628,
dualpi2,1414933341,17,0,0,0,0.061062,0,0,0,0,1116,0,0,644,
dualpi2,1414939213,21,0,0,0,0.058661,0,0,0,0,1116,0,0,661,
dualpi2,1414950957,29,0,0,0,0.056260,3353,0,4,0,1116,0,0,677,
dualpi2,1414959765,35,0,0,0,0.068264,0,0,0,0,1116,0,0,693,
dualpi2,1414968573,41,0,0,0,0.053083,0,0,0,0,1116,0,0,709,
dualpi2,1414977381,47,0,0,0,0.050618,0,0,0,0,1116,0,0,724,
dualpi2,1414989125,55,0,0,0,0.048463,0,0,0,0,1116,0,0,740,
dualpi2,1414997933,61,0,0,0,0.045075,0,0,0,0,1116,0,0,757,
dualpi2,1415006741,67,0,0,0,0.042674,0,0,0,0,1116,0,0,773,
dualpi2,1415015549,73,0,0,0,0.040273,0,0,0,0,1116,0,0,789,
dualpi2,1415027293,81,0,0,0,0.038990,1491,0,2,0,1116,0,0,805,
dualpi2,1415036101,87,0,0,0,0.042973,0,0,0,0,1116,0,0,821,
dualpi2,1415046377,94,0,0,0,0.034761,1673,0,1,0,1116,0,0,837,
dualpi2,1415056653,101,0,0,0,0.031138,1478,0,2,0,1116,0,0,853,
dualpi2,1415065461,107,0,0,0,0.035688,0,0,0,0,1116,0,0,869,
dualpi2,1415077205,115,0,0,0,0.028181,1716,0,2,0,1116,0,0,885,
dualpi2,1415087481,122,0,0,0,0.031417,170,0,1,0,1116,0,0,901,
dualpi2,1415097757,129,0,0,0,0.023826,0,0,0,0,1116,0,0,917,
dualpi2,1415106565,135,0,0,0,0.019948,1915,0,2,0,1116,0,0,933,
dualpi2,1415116841,142,0,0,0,0.024648,247,0,1,0,1116,0,0,949,
dualpi2,1415127117,149,0,0,0,0.017025,2112,0,2,0,1116,0,0,966,
dualpi2,1415137393,156,0,0,0,0.012640,507,0,1,0,1116,0,0,982,
dualpi2,1415147669,163,0,0,0,0.008783,0,0,0,0,1116,0,0,998,
dualpi2,1415157945,170,0,0,0,0.013474,2163,0,1,0,1116,0,0,1014,
dualpi2,1415166753,176,0,0,0,0.005785,596,0,1,0,1116,0,0,1030,
dualpi2,1415177029,183,0,0,0,0.022514,6334,0,4,0,1116,0,0,1046,
dualpi2,1415187305,190,0,0,0,0.015519,4872,0,3,0,1116,0,0,1062,
dualpi2,1415197581,197,0,0,0,0.019911,6783,0,2,0,1116,0,0,1078,
dualpi2,1415207857,204,0,0,0,0.012361,5018,0,3,0,1116,0,0,1094,
dualpi2,1415218133,211,0,0,0,0.016928,1332,0,2,0,1116,0,0,1110,
dualpi2,1415228409,218,0,0,0,0.015330,7156,0,3,0,1116,0,0,1127,
dualpi2,1415238685,225,0,0,0,0.008169,1777,0,2,0,1116,0,0,1143,
dualpi2,1415247493,231,0,0,0,0.012230,7523,0,2,0,1116,0,0,1159,
dualpi2,1415257769,238,0,0,0,0.005420,6044,0,3,0,1116,0,0,1175,
dualpi2,1415268045,245,0,0,0,0.000000,2126,0,2,0,1116,0,0,1191,
dualpi2,1415278321,252,0,0,0,0.016333,7881,0,3,0,1116,0,0,1208,
dualpi2,1415288597,259,0,0,0,0.009501,2372,0,4,0,1116,0,0,1224,
dualpi2,1415298873,266,0,0,0,0.013511,8054,0,3,0,1116,0,0,1240,
dualpi2,1415309149,273,0,0,0,0.019834,8169,0,6,0,1116,0,0,1256,
dualpi2,1415317957,279,0,0,0,0.024879,12296,0,4,0,1116,0,0,1272,
dualpi2,1415328233,286,0,0,0,0.023681,12156,0,5,0,1116,0,0,1288,
dualpi2,1415338509,293,0,0,0,0.023633,6578,0,4,0,1116,0,0,1304,
dualpi2,1415348785,300,0,0,0,0.022311,12309,0,5,0,1116,0,0,1320,
dualpi2,1415359061,307,0,0,0,0.016217,6781,0,6,0,1116,0,0,1336,
dualpi2,1415369337,314,0,0,0,0.020748,12460,0,3,0,1116,0,0,1352,
dualpi2,1415378145,320,0,0,0,0.014461,10858,0,7,0,1116,0,0,1368,
dualpi2,1415388421,327,0,0,0,0.032486,5957,0,4,0,1116,0,0,1384,
dualpi2,1415397229,333,0,0,0,0.018853,10958,0,4,0,1116,0,0,1399,
dualpi2,1415407505,340,0,0,0,0.012669,9420,0,5,0,1116,0,0,1415,
dualpi2,1415417781,347,0,0,0,0.017489,11388,0,4,0,1116,0,0,1431,
dualpi2,1415428057,354,0,0,0,0.011157,9861,0,5,0,1116,0,0,1447,
dualpi2,1415438333,361,0,0,0,0.029240,15709,0,6,0,1116,0,0,1463,
dualpi2,1415448609,368,0,0,0,0.023468,14176,0,7,0,1116,0,0,1479,
dualpi2,1415458885,375,0,0,0,0.042204,10372,0,8,0,1116,0,0,1496,
dualpi2,1415469161,382,0,0,0,0.029205,16087,0,5,0,1116,0,0,1512,
dualpi2,1415477969,388,0,0,0,0.023648,14512,0,9,0,1116,0,0,1528,
dualpi2,1415488245,395,0,0,0,0.036635,16194,0,8,0,1116,0,0,1544,
dualpi2,1415498521,402,0,0,0,0.029333,16271,0,7,0,1116,0,0,1560,
dualpi2,1415508797,409,0,0,0,0.042846,10631,0,8,0,1116,0,0,1576,
dualpi2,1415519073,416,0,0,0,0.029539,16304,0,5,0,1116,0,0,1592,
dualpi2,1415529349,423,0,0,0,0.023989,10694,0,8,0,1116,0,0,1608,
dualpi2,1415538157,429,0,0,0,0.029249,16420,0,6,0,1116,0,0,1624,
dualpi2,1415548433,436,0,0,0,0.023755,14834,0,7,0,1116,0,0,1640,
dualpi2,1415558709,443,0,0,0,0.036914,12560,0,8,0,1116,0,0,1656,
dualpi2,1415568985,450,0,0,0,0.029564,16615,0,5,0,1116,0,0,1672,
dualpi2,1415579261,457,0,0,0,0.023521,10926,0,10,0,1116,0,0,1688,
dualpi2,1415589537,464,0,0,0,0.028754,16566,0,7,0,1116,0,0,1704,
dualpi2,1415598345,470,0,0,0,0.036877,18958,0,9,0,1116,0,0,1720,
dualpi2,1415608621,477,0,0,0,0.055921,20477,0,8,0,1116,0,0,1736,
dualpi2,1415618897,484,0,0,0,0.038386,18940,0,9,0,1116,0,0,1752,
dualpi2,1415629173,491,0,0,0,0.057486,16634,0,10,0,1116,0,0,1768,
dualpi2,1415639449,498,0,0,0,0.039828,18902,0,7,0,1116,0,0,1784,
dualpi2,1415648257,504,0,0,0,0.040307,18859,0,9,0,1116,0,0,1800,
dualpi2,1415658533,511,0,0,0,0.059338,18820,0,8,0,1116,0,0,1816,
dualpi2,1415668809,518,0,0,0,0.041877,18801,0,9,0,1116,0,0,1832,
dualpi2,1415679085,525,0,0,0,0.061158,16552,0,8,0,1116,0,0,1848,
dualpi2,1415689361,532,0,0,0,0.043298,18741,0,7,0,1116,0,0,1864,
dualpi2,1415698169,538,0,0,0,0.049780,20580,0,11,0,1116,0,0,1880,
dualpi2,1415708445,545,0,0,0,0.063355,18816,0,10,0,1116,0,0,1896,
dualpi2,1415718721,552,0,0,0,0.045703,18890,0,9,0,1116,0,0,1912,
dualpi2,1415728997,559,0,0,0,0.065062,16501,0,8,0,1116,0,0,1928,
dualpi2,1415739273,566,0,0,0,0.052584,20407,0,9,0,1116,0,0,1944,
dualpi2,1415748081,572,0,0,0,0.080345,28515,0,13,0,1116,0,0,1960,
dualpi2,1415758357,579,0,0,0,0.063060,22679,0,10,0,1116,0,0,1976,
dualpi2,1415768633,586,0,0,0,0.070039,24603,0,11,0,1116,0,0,1992,
dualpi2,1415778909,593,0,0,0,0.084241,22849,0,12,0,1116,0,0,2008,
dualpi2,1415789185,600,0,0,0,0.067393,22907,0,9,0,1116,0,0,2024,
dualpi2,1415797993,606,0,0,0,0.087073,28169,0,13,0,1116,0,0,2040,
dualpi2,1415808269,613,0,0,0,0.070162,22467,0,10,0,1116,0,0,2056,
dualpi2,1415818545,620,0,0,0,0.077396,24369,0,11,0,1116,0,0,2072,
dualpi2,1415828821,627,0,0,0,0.085993,22701,0,13,0,1116,0,0,2088,
dualpi2,1415839139,635,0,0,0,0.074237,22829,0,9,0,1116,0,0,2104,
dualpi2,1415849415,642,0,0,0,0.093862,24570,0,12,0,1116,0,0,2120,
dualpi2,1415858223,648,0,0,0,0.077235,22812,0,10,0,1116,0,0,2136,
dualpi2,1415868499,655,0,0,0,0.084213,24639,0,11,0,1116,0,0,2152,
dualpi2,1415878775,662,0,0,0,0.092874,24518,0,12,0,1116,0,0,2168,
dualpi2,1415889051,669,0,0,0,0.081125,22905,0,9,0,1116,0,0,2184,
dualpi2,1415899327,676,0,0,0,0.101094,24618,0,14,0,1116,0,0,2200,
dualpi2,1415908135,682,0,0,0,0.084189,22957,0,12,0,1116,0,0,2216,
dualpi2,1415918411,689,0,0,0,0.117425,32479,0,13,0,1116,0,0,2232,
dualpi2,1415928687,696,0,0,0,0.114612,26924,0,12,0,1116,0,0,2248,
dualpi2,1415938963,703,0,0,0,0.109497,28752,0,11,0,1116,0,0,2264,
dualpi2,1415949239,710,0,0,0,0.118489,28555,0,14,0,1116,0,0,2280,
dualpi2,1415958047,716,0,0,0,0.107619,26846,0,12,0,1116,0,0,2296,
dualpi2,1415968323,723,0,0,0,0.128447,32670,0,13,0,1116,0,0,2312,
dualpi2,1415978599,730,0,0,0,0.125295,27138,0,12,0,1116,0,0,2328,
dualpi2,1415988875,737,0,0,0,0.120224,28986,0,13,0,1116,0,0,2344,
dualpi2,1415999151,744,0,0,0,0.129685,29020,0,14,0,1116,0,0,2361,
dualpi2,1416009427,751,0,0,0,0.118625,27435,0,11,0,1116,0,0,2377,
dualpi2,1416019703,758,0,0,0,0.139199,29352,0,12,0,1116,0,0,2393,
dualpi2,1416029979,765,0,0,0,0.128314,29458,0,11,0,1116,0,0,2409,
dualpi2,1416040255,772,0,0,0,0.130722,24120,0,12,0,1116,0,0,2425,
dualpi2,1416049063,778,0,0,0,0.140216,29898,0,14,0,1116,1,0,2441,
dualpi2,1416059339,785,0,0,0,0.128957,28164,0,13,0,1116,1,0,2457,
dualpi2,1416069615,792,0,0,0,0.143988,28247,0,14,0,1116,1,0,2474,
dualpi2,1416079891,799,0,0,0,0.132960,28480,0,12,0,1116,2,0,2490,
dualpi2,1416090167,806,0,0,0,0.154287,26443,0,11,0,1116,2,0,2506,
dualpi2,1416100443,813,0,0,0,0.143345,24682,0,8,0,1116,2,0,2522,
dualpi2,1416110719,820,0,0,0,0.144879,16863,0,7,0,1116,2,0,2538,
dualpi2,1416119527,826,0,0,0,0.120066,17026,0,4,0,1116,3,0,2554,
dualpi2,1416129803,833,0,0,0,0.074814,9095,0,5,0,1116,4,0,2570,
dualpi2,1416140079,840,0,0,0,0.079788,7149,0,4,0,1116,4,0,2587,
dualpi2,1416150355,847,0,0,0,0.072322,3201,0,2,0,1116,4,0,2603,
dualpi2,1416159163,853,0,0,0,0.053175,0,0,0,0,1116,4,0,2619,
dualpi2,1416166503,858,0,0,0,0.050026,0,0,0,0,1116,4,0,2635,
dualpi2,1416175311,864,0,0,0,0.047625,0,0,0,0,1116,4,0,2651,
dualpi2,1416184119,870,0,0,0,0.045224,0,0,0,0,1116,4,0,2667,
dualpi2,1416189991,874,0,0,0,0.042823,0,0,0,0,1116,4,0,2683,
dualpi2,1416201735,882,0,0,0,0.040422,0,0,0,0,1116,4,0,2699,
dualpi2,1416210543,888,0,0,0,0.056240,131,0,1,0,1116,4,0,2716,
dualpi2,1416219351,894,0,0,0,0.036488,0,0,0,0,1116,4,0,2732,
dualpi2,1416225223,898,0,0,0,0.034087,0,0,0,0,1116,4,0,2748,
dualpi2,1416236967,906,0,0,0,0.031686,0,0,0,0,1116,4,0,2764,
dualpi2,1416242839,910,0,0,0,0.029285,0,0,0,0,1116,4,0,2780,
dualpi2,1416251647,916,0,0,0,0.026884,0,0,0,0,1116,4,0,2796,
dualpi2,1416260455,922,0,0,0,0.024483,0,0,0,0,1116,4,0,2812,
dualpi2,1416270731,929,0,0,0,0.032916,2969,0,1,0,1116,4,0,2828,
dualpi2,1416281007,936,0,0,0,0.025347,0,0,0,0,1116,4,0,2844,
dualpi2,1416289815,942,0,0,0,0.018042,0,0,0,0,1116,4,0,2860,
dualpi2,1416298623,948,0,0,0,0.015640,0,0,0,0,1116,4,0,2876,
dualpi2,1416307431,954,0,0,0,0.013239,778,0,2,0,1116,4,0,2892,
dualpi2,1416317707,961,0,0,0,0.010838,943,0,1,0,1116,4,0,2909,
dualpi2,1416325047,966,0,0,0,0.008437,0,0,0,0,1116,4,0,2925,
dualpi2,1416333855,972,0,0,0,0.006036,0,0,0,0,1116,4,0,2941,
dualpi2,1416345599,980,0,0,0,0.003635,0,0,0,0,1116,4,0,2957,
dualpi2,1416354407,986,0,0,0,0.001234,0,0,0,0,1116,4,0,2973,
dualpi2,1416363215,992,0,0,0,0.000000,0,0,0,0,1116,4,0,2989,
dualpi2,1416374959,1000,0,0,0,0.009479,1900,0,2,0,1116,4,0,3005,
dualpi2,1416385235,1007,0,0,0,0.001352,4350,0,1,0,1116,4,0,3022,
dualpi2,1416395511,1014,0,0,0,0.000000,0,0,0,0,1116,4,0,3038,
dualpi2,1416404319,1020,0,0,0,0.000000,544,0,2,0,1116,4,0,3054,
dualpi2,1416414595,1027,0,0,0,0.000000,776,0,1,0,1116,4,0,3070,
dualpi2,1416424871,1034,0,0,0,0.009365,2651,0,2,0,1116,4,0,3086,
dualpi2,1416435147,1041,0,0,0,0.000000,1082,0,1,0,1116,4,0,3102,
dualpi2,1416445423,1048,0,0,0,0.009288,0,0,0,0,1116,4,0,3118,
dualpi2,1416455699,1055,0,0,0,0.000000,2976,0,1,0,1116,4,0,3134,
dualpi2,1416465975,1062,0,0,0,0.000000,0,0,0,0,1116,4,0,3151,
dualpi2,1416476251,1069,0,0,0,0.009457,3288,0,1,0,1116,4,0,3167,
dualpi2,1416485059,1075,0,0,0,0.001769,5688,0,3,0,1116,4,0,3183,
dualpi2,1416495335,1082,0,0,0,0.013215,7578,0,2,0,1116,4,0,3199,
dualpi2,1416505611,1089,0,0,0,0.000000,5975,0,3,0,1116,4,0,3215,
dualpi2,1416515887,1096,0,0,0,0.017197,2045,0,2,0,1116,4,0,3231,
dualpi2,1416526163,1103,0,0,0,0.010336,7967,0,3,0,1116,4,0,3247,
dualpi2,1416536439,1110,0,0,0,0.001737,2393,0,2,0,1116,4,0,3264,
dualpi2,1416546715,1117,0,0,0,0.007119,8160,0,1,0,1116,4,0,3280,
dualpi2,1416555523,1123,0,0,0,0.000000,8202,0,5,0,1116,4,0,3296,
dualpi2,1416565799,1130,0,0,0,0.017425,2516,0,2,0,1116,4,0,3312,
dualpi2,1416576075,1137,0,0,0,0.010335,8370,0,3,0,1116,4,0,3328,
dualpi2,1416586351,1144,0,0,0,0.001673,2785,0,2,0,1116,4,0,3344,
dualpi2,1416596627,1151,0,0,0,0.007129,8674,0,3,0,1116,4,0,3360,
dualpi2,1416606903,1158,0,0,0,0.000000,4718,0,6,0,1116,4,0,3376,
dualpi2,1416617179,1165,0,0,0,0.017017,12744,0,3,0,1116,4,0,3392,
dualpi2,1416625987,1171,0,0,0,0.010370,11259,0,5,0,1116,4,0,3408,
dualpi2,1416636263,1178,0,0,0,0.028053,7232,0,4,0,1116,4,0,3425,
dualpi2,1416646539,1185,0,0,0,0.021687,11447,0,5,0,1116,4,0,3441,
dualpi2,1416656815,1192,0,0,0,0.013682,7564,0,4,0,1116,4,0,3457,
dualpi2,1416667091,1199,0,0,0,0.019936,13442,0,3,0,1116,4,0,3473,
dualpi2,1416677367,1206,0,0,0,0.005675,9517,0,6,0,1116,4,0,3489,
dualpi2,1416687643,1213,0,0,0,0.023263,8009,0,5,0,1116,4,0,3505,
dualpi2,1416697919,1220,0,0,0,0.018922,9885,0,4,0,1116,4,0,3521,
dualpi2,1416706727,1226,0,0,0,0.009486,8393,0,6,0,1116,4,0,3538,
dualpi2,1416717003,1233,0,0,0,0.021062,14166,0,5,0,1116,4,0,3554,
dualpi2,1416727279,1240,0,0,0,0.001466,10267,0,6,0,1116,4,0,3570,
dualpi2,1416737555,1247,0,0,0,0.018950,8724,0,7,0,1116,4,0,3586,
dualpi2,1416747831,1254,0,0,0,0.013074,14551,0,6,0,1116,4,0,3602,
dualpi2,1416758107,1261,0,0,0,0.031265,13005,0,7,0,1116,4,0,3618,
dualpi2,1416768383,1268,0,0,0,0.025769,14923,0,6,0,1116,4,0,3634,
dualpi2,1416778659,1275,0,0,0,0.018327,14034,0,7,0,1116,4,0,3651,
dualpi2,1416787467,1281,0,0,0,0.025111,19444,0,7,0,1116,4,0,3667,
dualpi2,1416797743,1288,0,0,0,0.025069,15459,0,6,0,1116,4,0,3683,
dualpi2,1416808019,1295,0,0,0,0.030722,14077,0,7,0,1116,4,0,3699,
dualpi2,1416818295,1302,0,0,0,0.025035,15827,0,6,0,1116,4,0,3715,
dualpi2,1416828571,1309,0,0,0,0.017313,14151,0,7,0,1116,4,0,3731,
dualpi2,1416838847,1316,0,0,0,0.024668,12110,0,6,0,1116,4,0,3748,
dualpi2,1416849123,1323,0,0,0,0.030611,14397,0,5,0,1116,4,0,3764,
dualpi2,1416857931,1329,0,0,0,0.024389,14399,0,9,0,1116,4,0,3780,
dualpi2,1416868207,1336,0,0,0,0.024459,16067,0,6,0,1116,4,0,3796,
dualpi2,1416878483,1343,0,0,0,0.029989,14327,0,7,0,1116,4,0,3812,
dualpi2,1416888759,1350,0,0,0,0.024552,12218,0,8,0,1116,4,0,3828,
dualpi2,1416899035,1357,0,0,0,0.030510,18530,0,9,0,1116,4,0,3844,
dualpi2,1416909311,1364,0,0,0,0.038225,16435,0,10,0,1116,5,0,3860,
dualpi2,1416918119,1370,0,0,0,0.044835,18637,0,8,0,1116,5,0,3876,
dualpi2,1416928395,1377,0,0,0,0.045105,22795,0,10,0,1116,5,0,3892,
dualpi2,1416938671,1384,0,0,0,0.040296,20516,0,7,0,1116,5,0,3908,
dualpi2,1416948947,1391,0,0,0,0.046819,14984,0,4,0,1116,5,0,3924,
dualpi2,1416959223,1398,0,0,0,0.034078,4578,0,3,0,1116,5,0,3940,
dualpi2,1416966563,1403,0,0,0,0.007233,0,0,0,0,1116,5,0,3956,
dualpi2,1416978307,1411,0,0,0,0.000000,0,0,0,0,1116,5,0,3972,
dualpi2,1416987115,1417,0,0,0,0.005375,0,0,0,0,1116,5,0,3988,
dualpi2,1416997391,1424,0,0,0,0.000000,3064,0,1,0,1116,5,0,4004,
dualpi2,1417006199,1430,0,0,0,0.005393,3167,0,3,0,1116,5,0,4020,
dualpi2,1417016475,1437,0,0,0,0.008967,3406,0,2,0,1116,5,0,4037,
dualpi2,1417026751,1444,0,0,0,0.000000,1399,0,2,0,1116,5,0,4053,
dualpi2,1417037027,1451,0,0,0,0.011458,3738,0,3,0,1116,5,0,4069,
dualpi2,1417047303,1458,0,0,0,0.009277,0,0,0,0,1116,5,0,4085,
dualpi2,1417057579,1465,0,0,0,0.001816,5602,0,1,0,1116,5,0,4101,
dualpi2,1417067855,1472,0,0,0,0.000000,186,0,2,0,1116,5,0,4117,
dualpi2,1417078131,1479,0,0,0,0.005069,2051,0,1,0,1116,5,0,4134,
dualpi2,1417086939,1485,0,0,0,0.009023,5973,0,3,0,1116,5,0,4150,
dualpi2,1417097215,1492,0,0,0,0.006876,424,0,2,0,1116,5,0,4166,
dualpi2,1417107491,1499,0,0,0,0.000000,6302,0,3,0,1116,5,0,4182,
dualpi2,1417117767,1506,0,0,0,0.003839,821,0,2,0,1116,5,0,4198,
dualpi2,1417128043,1513,0,0,0,0.000000,2534,0,1,0,1116,5,0,4214,
dualpi2,1417138319,1520,0,0,0,0.000000,2753,0,2,0,1116,5,0,4230,
dualpi2,1417148595,1527,0,0,0,0.011529,1220,0,1,0,1116,5,0,4246,
dualpi2,1417158871,1534,0,0,0,0.003986,3161,0,2,0,1116,5,0,4263,
dualpi2,1417167679,1540,0,0,0,0.007944,3267,0,2,0,1116,5,0,4279,
dualpi2,1417177955,1547,0,0,0,0.005814,7501,0,3,0,1116,5,0,4295,
dualpi2,1417188231,1554,0,0,0,0.017777,7639,0,4,0,1116,5,0,4311,
dualpi2,1417198507,1561,0,0,0,0.016489,7891,0,3,0,1116,5,0,4327,
dualpi2,1417208783,1568,0,0,0,0.015888,7900,0,4,0,1116,5,0,4343,
dualpi2,1417219059,1575,0,0,0,0.014436,5397,0,3,0,1116,5,0,4360,
dualpi2,1417229335,1582,0,0,0,0.000000,4507,0,4,0,1116,5,0,4376,
dualpi2,1417239611,1589,0,0,0,0.010685,8408,0,5,0,1116,5,0,4392,
dualpi2,1417249887,1596,0,0,0,0.017669,2924,0,2,0,1116,5,0,4408,
dualpi2,1417258695,1602,0,0,0,0.009032,8541,0,4,0,1116,5,0,4424,
dualpi2,1417268971,1609,0,0,0,0.002397,6935,0,3,0,1116,5,0,4440,
dualpi2,1417279247,1616,0,0,0,0.006598,8812,0,4,0,1116,5,0,4456,
dualpi2,1417289523,1623,0,0,0,0.000051,7151,0,5,0,1116,5,0,4472,
dualpi2,1417299799,1630,0,0,0,0.018306,5072,0,2,0,1116,5,0,4489,
dualpi2,1417310075,1637,0,0,0,0.004071,9165,0,5,0,1116,5,0,4505,
dualpi2,1417318883,1643,0,0,0,0.000000,7622,0,3,0,1116,5,0,4521,
dualpi2,1417329159,1650,0,0,0,0.004213,9438,0,4,0,1116,5,0,4537,
dualpi2,1417339435,1657,0,0,0,0.000000,7899,0,5,0,1116,5,0,4553,
dualpi2,1417349711,1664,0,0,0,0.000000,5884,0,6,0,1116,5,0,4569,
dualpi2,1417359987,1671,0,0,0,0.019086,12146,0,7,0,1116,5,0,4585,
dualpi2,1417370263,1678,0,0,0,0.037916,8308,0,6,0,1116,5,0,4602,
dualpi2,1417380539,1685,0,0,0,0.024456,14138,0,5,0,1116,5,0,4618,
dualpi2,1417390815,1692,0,0,0,0.018350,8569,0,6,0,1116,5,0,4634,
dualpi2,1417399623,1698,0,0,0,0.023367,14391,0,6,0,1116,5,0,4650,
dualpi2,1417409899,1705,0,0,0,0.017261,12898,0,7,0,1116,5,0,4666,
dualpi2,1417420175,1712,0,0,0,0.035707,10756,0,6,0,1116,5,0,4682,
dualpi2,1417430451,1719,0,0,0,0.022338,14720,0,5,0,1116,5,0,4698,
dualpi2,1417440727,1726,0,0,0,0.016435,9354,0,6,0,1116,5,0,4715,
dualpi2,1417451003,1733,0,0,0,0.015791,13483,0,5,0,1116,5,0,4731,
dualpi2,1417461279,1740,0,0,0,0.015031,9601,0,6,0,1116,5,0,4747,
dualpi2,1417471555,1747,0,0,0,0.033688,11661,0,5,0,1116,5,0,4763,
dualpi2,1417481831,1754,0,0,0,0.020235,11767,0,4,0,1116,5,0,4779,
dualpi2,1417490639,1760,0,0,0,0.020484,10238,0,6,0,1116,5,0,4795,
dualpi2,1417500915,1767,0,0,0,0.019583,15946,0,7,0,1116,5,0,4812,
dualpi2,1417511191,1774,0,0,0,0.027067,14339,0,8,0,1116,5,0,4828,
dualpi2,1417521467,1781,0,0,0,0.046053,18362,0,7,0,1116,5,0,4844,
dualpi2,1417531743,1788,0,0,0,0.027985,14463,0,8,0,1116,5,0,4860,
dualpi2,1417542019,1795,0,0,0,0.047021,16419,0,7,0,1116,5,0,4876,
dualpi2,1417550827,1801,0,0,0,0.034502,20249,0,7,0,1116,5,0,4892,
dualpi2,1417561103,1808,0,0,0,0.029051,14580,0,8,0,1116,5,0,4908,
dualpi2,1417571379,1815,0,0,0,0.047880,20430,0,7,0,1116,5,0,4924,
dualpi2,1417581655,1822,0,0,0,0.029872,14841,0,8,0,1116,5,0,4940,
dualpi2,1417591931,1829,0,0,0,0.049007,16655,0,9,0,1116,5,0,4956,
dualpi2,1417602207,1836,0,0,0,0.036580,16483,0,6,0,1116,5,0,4972,
dualpi2,1417611015,1842,0,0,0,0.037311,14897,0,10,0,1116,5,0,4988,
dualpi2,1417621291,1849,0,0,0,0.037029,20465,0,7,0,1116,5,0,5004,
dualpi2,1417631567,1856,0,0,0,0.031811,14819,0,8,0,1116,5,0,5020,
dualpi2,1417641843,1863,0,0,0,0.045067,20544,0,9,0,1116,5,0,5036,
dualpi2,1417652119,1870,0,0,0,0.032700,16584,0,8,0,1116,5,0,5052,
dualpi2,1417662395,1877,0,0,0,0.059256,18996,0,11,0,1116,5,0,5068,
dualpi2,1417671203,1883,0,0,0,0.047333,23161,0,9,0,1116,5,0,5084,
dualpi2,1417681479,1890,0,0,0,0.053941,19161,0,10,0,1116,5,0,5100,
dualpi2,1417691755,1897,0,0,0,0.067938,24916,0,11,0,1116,5,0,5117,
dualpi2,1417702031,1904,0,0,0,0.050390,19368,0,8,0,1116,5,0,5133,
dualpi2,1417712307,1911,0,0,0,0.064639,21301,0,11,0,1116,5,0,5149,
dualpi2,1417722583,1918,0,0,0,0.057724,21263,0,8,0,1116,5,0,5165,
dualpi2,1417732859,1925,0,0,0,0.059329,19750,0,9,0,1116,5,0,5181,
dualpi2,1417741667,1931,0,0,0,0.067773,25500,0,9,0,1116,6,0,5197,
dualpi2,1417751943,1938,0,0,0,0.055694,19990,0,10,0,1116,6,0,5213,
dualpi2,1417762219,1945,0,0,0,0.069385,24026,0,11,0,1116,6,0,5229,
dualpi2,1417772495,1952,0,0,0,0.063208,21907,0,9,0,1116,6,0,5245,
dualpi2,1417782771,1959,0,0,0,0.063928,17909,0,6,0,1116,6,0,5261,
dualpi2,1417793047,1966,0,0,0,0.046069,10119,0,3,0,1116,6,0,5278,
dualpi2,1417803323,1973,0,0,0,0.005791,2308,0,2,0,1116,6,0,5294,
dualpi2,1417812131,1979,0,0,0,0.000000,832,0,1,0,1116,6,0,5310,
dualpi2,1417822407,1986,0,0,0,0.000000,2730,0,2,0,1116,6,0,5326,
dualpi2,1417832683,1993,0,0,0,0.000000,1163,0,1,0,1116,6,0,5342,
dualpi2,1417842959,2000,0,0,0,0.026755,7133,0,2,0,1116,6,0,5359,
dualpi2,1417853235,2007,0,0,0,0.007006,7211,0,3,0,1116,6,0,5375,
dualpi2,1417863511,2014,0,0,0,0.018621,1607,0,2,0,1116,6,0,5391,
dualpi2,1417873787,2021,0,0,0,0.003955,5670,0,3,0,1116,6,0,5407,
dualpi2,1417884063,2028,0,0,0,0.008296,3481,0,2,0,1116,6,0,5423,
dualpi2,1417892871,2034,0,0,0,0.000394,7714,0,2,0,1116,6,0,5439,
dualpi2,1417903147,2041,0,0,0,0.000000,6032,0,3,0,1116,6,0,5455,
dualpi2,1417913423,2048,0,0,0,0.017399,2218,0,2,0,1116,6,0,5471,
dualpi2,1417923699,2055,0,0,0,0.002949,7965,0,3,0,1116,6,0,5488,
dualpi2,1417933975,2062,0,0,0,0.001889,6578,0,4,0,1116,6,0,5504,
dualpi2,1417944251,2069,0,0,0,0.007730,12224,0,5,0,1116,6,0,5520,
dualpi2,1417954527,2076,0,0,0,0.012647,6822,0,6,0,1116,6,0,5536,
dualpi2,1417964803,2083,0,0,0,0.018987,12773,0,3,0,1116,6,0,5552,
dualpi2,1417973611,2089,0,0,0,0.005036,11169,0,7,0,1116,6,0,5568,
dualpi2,1417983887,2096,0,0,0,0.017163,7326,0,6,0,1116,6,0,5585,
dualpi2,1417994163,2103,0,0,0,0.008821,13080,0,5,0,1116,6,0,5601,
dualpi2,1418004439,2110,0,0,0,0.008494,7557,0,6,0,1116,6,0,5617,
dualpi2,1418014715,2117,0,0,0,0.014834,13300,0,3,0,1116,6,0,5633,
dualpi2,1418024991,2124,0,0,0,0.000524,9578,0,6,0,1116,6,0,5649,
dualpi2,1418035267,2131,0,0,0,0.018288,8097,0,5,0,1116,6,0,5665,
dualpi2,1418045543,2138,0,0,0,0.000000,9873,0,4,0,1116,6,0,5682,
dualpi2,1418055819,2145,0,0,0,0.004885,8470,0,5,0,1116,6,0,5698,
dualpi2,1418064627,2151,0,0,0,0.011454,14273,0,5,0,1116,6,0,5714,
dualpi2,1418074903,2158,0,0,0,0.000000,8945,0,6,0,1116,6,0,5730,
dualpi2,1418085179,2165,0,0,0,0.017757,10873,0,5,0,1116,6,0,5746,
dualpi2,1418095455,2172,0,0,0,0.000000,9328,0,4,0,1116,6,0,5763,
dualpi2,1418105731,2179,0,0,0,0.017874,9499,0,7,0,1116,6,0,5779,
dualpi2,1418116007,2186,0,0,0,0.012058,13728,0,6,0,1116,6,0,5795,
dualpi2,1418126283,2193,0,0,0,0.017127,13866,0,7,0,1116,6,0,5811,
dualpi2,1418136559,2200,0,0,0,0.030151,11879,0,6,0,1116,6,0,5827,
dualpi2,1418146835,2207,0,0,0,0.011308,14179,0,5,0,1116,6,0,5843,
dualpi2,1418155643,2213,0,0,0,0.029691,14244,0,9,0,1116,6,0,5860,
dualpi2,1418165919,2220,0,0,0,0.011179,16098,0,6,0,1116,6,0,5876,
dualpi2,1418176195,2227,0,0,0,0.029849,14436,0,7,0,1116,6,0,5892,
dualpi2,1418186471,2234,0,0,0,0.030197,12299,0,6,0,1116,6,0,5908,
dualpi2,1418196747,2241,0,0,0,0.011421,14645,0,7,0,1116,6,0,5924,
dualpi2,1418207023,2248,0,0,0,0.029764,10860,0,6,0,1116,6,0,5940,
dualpi2,1418215831,2254,0,0,0,0.011253,14736,0,6,0,1116,6,0,5956,
dualpi2,1418226107,2261,0,0,0,0.030100,14929,0,9,0,1116,6,0,5972,
dualpi2,1418236383,2268,0,0,0,0.030026,16926,0,6,0,1116,6,0,5988,
dualpi2,1418246659,2275,0,0,0,0.011317,15408,0,7,0,1116,6,0,6005,
dualpi2,1418256935,2282,0,0,0,0.029834,11560,0,6,0,1116,6,0,6021,
dualpi2,1418267211,2289,0,0,0,0.011112,15835,0,5,0,1116,6,0,6037,
dualpi2,1418277487,2296,0,0,0,0.030074,13696,0,8,0,1116,6,0,6053,
dualpi2,1418287763,2303,0,0,0,0.030187,17743,0,9,0,1116,6,0,6069,
dualpi2,1418298039,2310,0,0,0,0.011419,16077,0,8,0,1116,6,0,6085,
dualpi2,1418306847,2316,0,0,0,0.037519,18050,0,10,0,1116,6,0,6102,
dualpi2,1418317123,2323,0,0,0,0.025204,20563,0,9,0,1116,6,0,6118,
dualpi2,1418327399,2330,0,0,0,0.044440,16532,0,10,0,1116,6,0,6134,
dualpi2,1418337675,2337,0,0,0,0.039772,22303,0,9,0,1116,6,0,6150,
dualpi2,1418347951,2344,0,0,0,0.046286,16831,0,8,0,1116,6,0,6166,
dualpi2,1418358227,2351,0,0,0,0.041615,22649,0,9,0,1116,6,0,6182,
dualpi2,1418368503,2358,0,0,0,0.028998,18698,0,8,0,1116,6,0,6198,
dualpi2,1418378779,2365,0,0,0,0.047982,17134,0,9,0,1116,6,0,6214,
dualpi2,1418387587,2371,0,0,0,0.030262,21501,0,9,0,1116,6,0,6231,
dualpi2,1418397863,2378,0,0,0,0.049207,17652,0,8,0,1116,6,0,6247,
dualpi2,1418408139,2385,0,0,0,0.044760,23397,0,9,0,1116,6,0,6263,
dualpi2,1418418415,2392,0,0,0,0.037962,19300,0,8,0,1116,6,0,6279,
dualpi2,1418428691,2399,0,0,0,0.051156,17868,0,9,0,1116,6,0,6295,
dualpi2,1418438967,2406,0,0,0,0.033545,19634,0,8,0,1116,6,0,6311,
dualpi2,1418449243,2413,0,0,0,0.052680,18162,0,9,0,1116,6,0,6327,
dualpi2,1418458051,2419,0,0,0,0.048104,23944,0,11,0,1116,6,0,6344,
dualpi2,1418468327,2426,0,0,0,0.041749,18343,0,10,0,1116,6,0,6360,
dualpi2,1418478603,2433,0,0,0,0.049255,28278,0,13,0,1116,6,0,6376,
dualpi2,1418488879,2440,0,0,0,0.050012,24460,0,10,0,1116,6,0,6392,
dualpi2,1418499155,2447,0,0,0,0.069973,22935,0,11,0,1116,6,0,6408,
dualpi2,1418509431,2454,0,0,0,0.066099,23019,0,12,0,1116,6,0,6424,
dualpi2,1418519707,2461,0,0,0,0.067471,23263,0,9,0,1116,7,0,6440,
dualpi2,1418529983,2468,0,0,0,0.069045,21178,0,10,0,1116,7,0,6457,
dualpi2,1418538791,2474,0,0,0,0.062926,25084,0,12,0,1116,7,0,6473,
dualpi2,1418549067,2481,0,0,0,0.076881,23585,0,10,0,1116,7,0,6489,
dualpi2,1418559343,2488,0,0,0,0.073060,25399,0,7,0,1116,7,0,6505,
dualpi2,1418569619,2495,0,0,0,0.049346,15867,0,4,0,1116,7,0,6521,
dualpi2,1418579895,2502,0,0,0,0.001841,1800,0,2,0,1116,7,0,6537,
dualpi2,1418590171,2509,0,0,0,0.000000,1901,0,2,0,1116,7,0,6553,
dualpi2,1418600447,2516,0,0,0,0.011323,5990,0,1,0,1116,7,0,6569,
dualpi2,1418610723,2523,0,0,0,0.003874,2049,0,2,0,1116,7,0,6586,
dualpi2,1418619531,2529,0,0,0,0.000000,432,0,2,0,1116,7,0,6602,
dualpi2,1418629807,2536,0,0,0,0.016333,6327,0,3,0,1116,7,0,6618,
dualpi2,1418640083,2543,0,0,0,0.000000,594,0,2,0,1116,7,0,6634,
dualpi2,1418650359,2550,0,0,0,0.016257,6402,0,2,0,1116,7,0,6650,
dualpi2,1418660635,2557,0,0,0,0.009250,4902,0,3,0,1116,7,0,6666,
dualpi2,1418670911,2564,0,0,0,0.026552,933,0,2,0,1116,7,0,6682,
dualpi2,1418681187,2571,0,0,0,0.011792,6640,0,3,0,1116,7,0,6698,
dualpi2,1418689995,2577,0,0,0,0.004979,5219,0,3,0,1116,7,0,6714,
dualpi2,1418700271,2584,0,0,0,0.022316,11133,0,4,0,1116,7,0,6731,
dualpi2,1418710547,2591,0,0,0,0.015723,9582,0,5,0,1116,7,0,6747,
dualpi2,1418720823,2598,0,0,0,0.033758,11415,0,4,0,1116,7,0,6763,
dualpi2,1418731099,2605,0,0,0,0.019977,11506,0,5,0,1116,7,0,6779,
dualpi2,1418741375,2612,0,0,0,0.019757,5965,0,4,0,1116,7,0,6795,
dualpi2,1418751651,2619,0,0,0,0.018540,11824,0,3,0,1116,7,0,6811,
dualpi2,1418761927,2626,0,0,0,0.012080,6151,0,4,0,1116,7,0,6827,
dualpi2,1418770735,2632,0,0,0,0.029756,11945,0,4,0,1116,7,0,6844,
dualpi2,1418781011,2639,0,0,0,0.010777,10218,0,5,0,1116,7,0,6859,
dualpi2,1418791287,2646,0,0,0,0.028814,6256,0,4,0,1116,7,0,6876,
dualpi2,1418801563,2653,0,0,0,0.015165,12034,0,5,0,1116,7,0,6892,
dualpi2,1418811839,2660,0,0,0,0.008605,6373,0,6,0,1116,7,0,6908,
dualpi2,1418820647,2666,0,0,0,0.026633,12100,0,4,0,1116,7,0,6924,
dualpi2,1418830923,2673,0,0,0,0.007447,10371,0,7,0,1116,7,0,6940,
dualpi2,1418841199,2680,0,0,0,0.025506,8184,0,4,0,1116,7,0,6956,
dualpi2,1418851475,2687,0,0,0,0.011457,12043,0,5,0,1116,7,0,6972,
dualpi2,1418861751,2694,0,0,0,0.005331,6432,0,8,0,1116,7,0,6988,
dualpi2,1418872027,2701,0,0,0,0.023303,16093,0,5,0,1116,7,0,7004,
dualpi2,1418880835,2707,0,0,0,0.017489,14557,0,9,0,1116,7,0,7020,
dualpi2,1418891111,2714,0,0,0,0.035840,16374,0,6,0,1116,7,0,7036,
dualpi2,1418901387,2721,0,0,0,0.017573,14903,0,7,0,1116,7,0,7052,
dualpi2,1418911663,2728,0,0,0,0.036079,11107,0,8,0,1116,7,0,7068,
dualpi2,1418921939,2735,0,0,0,0.023283,16797,0,5,0,1116,7,0,7085,
dualpi2,1418932215,2742,0,0,0,0.017412,11126,0,6,0,1116,7,0,7100,
dualpi2,1418942491,2749,0,0,0,0.035943,15365,0,5,0,1116,7,0,7117,
dualpi2,1418952767,2756,0,0,0,0.017512,13273,0,6,0,1116,7,0,7133,
dualpi2,1418961575,2762,0,0,0,0.036152,13438,0,6,0,1116,7,0,7149,
dualpi2,1418971851,2769,0,0,0,0.017559,15909,0,5,0,1116,7,0,7165,
dualpi2,1418982127,2776,0,0,0,0.017122,12131,0,8,0,1116,7,0,7181,
dualpi2,1418992403,2783,0,0,0,0.035458,17880,0,7,0,1116,7,0,7198,
dualpi2,1419002679,2790,0,0,0,0.017143,12278,0,6,0,1116,7,0,7214,
dualpi2,1419012955,2797,0,0,0,0.035408,14025,0,7,0,1116,7,0,7230,
dualpi2,1419023231,2804,0,0,0,0.022485,14046,0,6,0,1116,7,0,7246,
dualpi2,1419032039,2810,0,0,0,0.023268,12549,0,8,0,1116,7,0,7262,
dualpi2,1419042315,2817,0,0,0,0.030310,18239,0,7,0,1116,7,0,7278,
dualpi2,1419052591,2824,0,0,0,0.017122,12829,0,8,0,1116,7,0,7294,
dualpi2,1419062867,2831,0,0,0,0.049163,22431,0,9,0,1116,7,0,7310,
dualpi2,1419073143,2838,0,0,0,0.031324,16889,0,8,0,1116,7,0,7326,
dualpi2,1419083419,2845,0,0,0,0.050598,18829,0,9,0,1116,7,0,7342,
dualpi2,1419093695,2852,0,0,0,0.045968,17104,0,8,0,1116,7,0,7358,
dualpi2,1419102503,2858,0,0,0,0.039335,17195,0,10,0,1116,7,0,7374,
dualpi2,1419112779,2865,0,0,0,0.052825,22964,0,9,0,1116,7,0,7391,
dualpi2,1419123055,2872,0,0,0,0.035301,17539,0,8,0,1116,7,0,7407,
dualpi2,1419133331,2879,0,0,0,0.054342,19577,0,9,0,1116,7,0,7423,
dualpi2,1419143607,2886,0,0,0,0.036530,19475,0,8,0,1116,7,0,7439,
dualpi2,1419153883,2893,0,0,0,0.036577,17889,0,9,0,1116,7,0,7455,
dualpi2,1419164159,2900,0,0,0,0.050457,19767,0,8,0,1116,7,0,7471,
dualpi2,1419174435,2907,0,0,0,0.037996,19811,0,7,0,1116,7,0,7487,
dualpi2,1419183243,2913,0,0,0,0.057225,20095,0,9,0,1116,7,0,7504,
dualpi2,1419193519,2920,0,0,0,0.039357,19953,0,8,0,1116,7,0,7520,
dualpi2,1419203795,2927,0,0,0,0.045321,18306,0,9,0,1116,7,0,7536,
dualpi2,1419214071,2934,0,0,0,0.053432,20024,0,8,0,1116,7,0,7552,
dualpi2,1419224347,2941,0,0,0,0.040983,18282,0,7,0,1116,7,0,7568,
dualpi2,1419234623,2948,0,0,0,0.060403,14479,0,10,0,1116,7,0,7584,
dualpi2,1419243431,2954,0,0,0,0.047798,20204,0,10,0,1116,7,0,7600,
dualpi2,1419253707,2961,0,0,0,0.048774,24446,0,11,0,1116,7,0,7616,
dualpi2,1419263983,2968,0,0,0,0.070476,24394,0,10,0,1116,8,0,7632,
dualpi2,1419274259,2975,0,0,0,0.064514,23065,0,11,0,1116,8,0,7648,
dualpi2,1419284535,2982,0,0,0,0.073260,22870,0,10,0,1116,8,0,7664,
dualpi2,1419294811,2989,0,0,0,0.067036,24659,0,10,0,1116,8,0,7680,
dualpi2,1419303619,2995,0,0,0,0.075920,24788,0,7,0,1116,8,0,7696,
dualpi2,1419313895,3002,0,0,0,0.056828,15269,0,5,0,1116,8,0,7712,
dualpi2,1419324171,3009,0,0,0,0.037791,9112,0,3,0,1116,8,0,7729,
dualpi2,1419334447,3016,0,0,0,0.010473,5086,0,1,0,1116,8,0,7745,
dualpi2,1419344723,3023,0,0,0,0.014652,0,0,0,0,1116,8,0,7761,
dualpi2,1419354999,3030,0,0,0,0.000000,5365,0,3,0,1116,8,0,7777,
dualpi2,1419365275,3037,0,0,0,0.000000,1502,0,2,0,1116,8,0,7793,
dualpi2,1419375551,3044,0,0,0,0.016750,1763,0,1,0,1116,8,0,7809,
dualpi2,1419384359,3050,0,0,0,0.000000,4161,0,4,0,1116,8,0,7825,
dualpi2,1419394635,3057,0,0,0,0.016923,6028,0,3,0,1116,8,0,7841,
dualpi2,1419404911,3064,0,0,0,0.009708,5932,0,4,0,1116,8,0,7858,
dualpi2,1419415187,3071,0,0,0,0.000000,3740,0,1,0,1116,8,0,7873,
dualpi2,1419425463,3078,0,0,0,0.016429,1740,0,2,0,1116,8,0,7889,
dualpi2,1419434271,3084,0,0,0,0.009702,4020,0,4,0,1116,8,0,7905,
dualpi2,1419444547,3091,0,0,0,0.013762,5989,0,3,0,1116,8,0,7921,
dualpi2,1419454823,3098,0,0,0,0.006764,5910,0,4,0,1116,8,0,7937,
dualpi2,1419465099,3105,0,0,0,0.000000,4174,0,3,0,1116,8,0,7954,
dualpi2,1419475375,3112,0,0,0,0.011132,6046,0,2,0,1116,8,0,7970,
dualpi2,1419485651,3119,0,0,0,0.004136,4556,0,3,0,1116,8,0,7986,
dualpi2,1419495927,3126,0,0,0,0.008045,638,0,2,0,1116,8,0,8002,
dualpi2,1419504735,3132,0,0,0,0.000799,6427,0,4,0,1116,8,0,8018,
dualpi2,1419515011,3139,0,0,0,0.000000,4871,0,3,0,1116,8,0,8034,
dualpi2,1419525287,3146,0,0,0,0.005514,6704,0,2,0,1116,8,0,8050,
dualpi2,1419535563,3153,0,0,0,0.009811,9229,0,5,0,1116,8,0,8066,
dualpi2,1419545839,3160,0,0,0,0.015958,11043,0,4,0,1116,8,0,8083,
dualpi2,1419556115,3167,0,0,0,0.015008,11213,0,5,0,1116,8,0,8099,
dualpi2,1419566391,3174,0,0,0,0.019619,5621,0,4,0,1116,8,0,8115,
dualpi2,1419576667,3181,0,0,0,0.013451,11538,0,3,0,1116,8,0,8131,
dualpi2,1419585475,3187,0,0,0,0.004952,9970,0,5,0,1116,8,0,8147,
dualpi2,1419595751,3194,0,0,0,0.016659,11783,0,4,0,1116,8,0,8163,
dualpi2,1419606027,3201,0,0,0,0.016490,11857,0,5,0,1116,8,0,8179,
dualpi2,1419616303,3208,0,0,0,0.015223,6155,0,4,0,1116,8,0,8195,
dualpi2,1419626579,3215,0,0,0,0.009038,11909,0,5,0,1116,8,0,8211,
dualpi2,1419636855,3222,0,0,0,0.000596,6295,0,6,0,1116,8,0,8228,
dualpi2,1419645663,3228,0,0,0,0.012186,12061,0,4,0,1116,8,0,8244,
dualpi2,1419655939,3235,0,0,0,0.011964,10504,0,9,0,1116,8,0,8260,
dualpi2,1419666215,3242,0,0,0,0.010673,16250,0,6,0,1116,8,0,8276,
dualpi2,1419676491,3249,0,0,0,0.024005,14616,0,7,0,1116,8,0,8292,
dualpi2,1419686767,3256,0,0,0,0.018004,10684,0,8,0,1116,8,0,8308,
dualpi2,1419697043,3263,0,0,0,0.017736,16329,0,5,0,1116,8,0,8324,
dualpi2,1419707319,3270,0,0,0,0.036441,10846,0,8,0,1116,8,0,8340,
dualpi2,1419716127,3276,0,0,0,0.023549,16636,0,6,0,1116,8,0,8356,
dualpi2,1419726403,3283,0,0,0,0.024345,15241,0,7,0,1116,8,0,8372,
dualpi2,1419736679,3290,0,0,0,0.023563,11433,0,8,0,1116,8,0,8389,
dualpi2,1419746955,3297,0,0,0,0.017817,17149,0,5,0,1116,8,0,8405,
dualpi2,1419757231,3304,0,0,0,0.036659,11733,0,6,0,1116,8,0,8421,
dualpi2,1419767507,3311,0,0,0,0.023843,15834,0,5,0,1116,8,0,8437,
dualpi2,1419777783,3318,0,0,0,0.024324,13654,0,6,0,1116,8,0,8453,
dualpi2,1419788059,3325,0,0,0,0.018086,13851,0,7,0,1116,8,0,8469,
dualpi2,1419796867,3331,0,0,0,0.017905,16115,0,7,0,1116,8,0,8485,
dualpi2,1419807143,3338,0,0,0,0.031039,12142,0,10,0,1116,8,0,8501,
dualpi2,1419817419,3345,0,0,0,0.017907,21931,0,9,0,1116,8,0,8518,
dualpi2,1419827695,3352,0,0,0,0.050034,16433,0,8,0,1116,8,0,8534,
dualpi2,1419837971,3359,0,0,0,0.032419,22238,0,9,0,1116,8,0,8550,
dualpi2,1419848247,3366,0,0,0,0.032921,16774,0,8,0,1116,8,0,8566,
dualpi2,1419858523,3373,0,0,0,0.033138,16886,0,9,0,1116,8,0,8582,
dualpi2,1419867331,3379,0,0,0,0.033666,22715,0,9,0,1116,8,0,8598,
dualpi2,1419877607,3386,0,0,0,0.052928,17196,0,10,0,1116,8,0,8614,
dualpi2,1419887883,3393,0,0,0,0.035270,23104,0,9,0,1116,8,0,8631,
dualpi2,1419898159,3400,0,0,0,0.055032,17523,0,8,0,1116,8,0,8647,
dualpi2,1419908435,3407,0,0,0,0.042402,19499,0,9,0,1116,8,0,8663,
dualpi2,1419918711,3414,0,0,0,0.037544,17809,0,8,0,1116,8,0,8679,
dualpi2,1419928987,3421,0,0,0,0.051204,17883,0,9,0,1116,8,0,8695,
dualpi2,1419939263,3428,0,0,0,0.039005,17992,0,8,0,1116,8,0,8711,
dualpi2,1419948071,3434,0,0,0,0.052629,19745,0,8,0,1116,8,0,8727,
dualpi2,1419958347,3441,0,0,0,0.045679,20155,0,11,0,1116,8,0,8743,
dualpi2,1419968623,3448,0,0,0,0.040859,22353,0,10,0,1116,8,0,8760,
dualpi2,1419978899,3455,0,0,0,0.068066,24250,0,11,0,1116,8,0,8776,
dualpi2,1419989175,3462,0,0,0,0.056212,24279,0,12,0,1116,8,0,8792,
dualpi2,1419999451,3469,0,0,0,0.076284,22701,0,9,0,1116,8,0,8808,
dualpi2,1420009727,3476,0,0,0,0.059287,20714,0,12,0,1116,8,0,8824,
dualpi2,1420018535,3482,0,0,0,0.066621,23009,0,10,0,1116,8,0,8840,
dualpi2,1420028811,3489,0,0,0,0.075040,24743,0,11,0,1116,8,0,8856,
dualpi2,1420039087,3496,0,0,0,0.063152,23319,0,10,0,1116,8,0,8873,
dualpi2,1420049363,3503,0,0,0,0.077762,23369,0,9,0,1116,8,0,8889,
dualpi2,1420059639,3510,0,0,0,0.065934,25328,0,12,0,1116,8,0,8905,
dualpi2,1420069915,3517,0,0,0,0.086233,25442,0,9,0,1116,8,0,8921,
dualpi2,1420080191,3524,0,0,0,0.087862,19910,0,10,0,1116,8,0,8937,
dualpi2,1420090467,3531,0,0,0,0.070880,25703,0,11,0,1116,8,0,8953,
dualpi2,1420099275,3537,0,0,0,0.090778,24209,0,11,0,1116,8,0,8969,
dualpi2,1420109551,3544,0,0,0,0.073816,25887,0,12,0,1116,8,0,8986,
dualpi2,1420119827,3551,0,0,0,0.093692,24444,0,11,0,1116,8,0,9002,
dualpi2,1420130103,3558,0,0,0,0.082173,20533,0,12,0,1116,8,0,9018,
dualpi2,1420140379,3565,0,0,0,0.078079,28520,0,13,0,1116,8,0,9034,
dualpi2,1420150655,3572,0,0,0,0.105848,24755,0,12,0,1116,8,0,9050,
dualpi2,1420160931,3579,0,0,0,0.094988,30583,0,13,0,1116,8,0,9066,
dualpi2,1420171207,3586,0,0,0,0.115587,25008,0,12,0,1116,8,0,9082,
dualpi2,1420180015,3592,0,0,0,0.099127,30913,0,14,0,1116,8,0,9099,
dualpi2,1420190291,3599,0,0,0,0.116997,29577,0,13,0,1116,8,0,9115,
dualpi2,1420200567,3606,0,0,0,0.105731,25737,0,12,0,1116,8,0,9131,
dualpi2,1420210843,3613,0,0,0,0.126326,31504,0,13,0,1116,8,0,9147,
dualpi2,1420221119,3620,0,0,0,0.109980,25901,0,12,0,1116,8,0,9163,
dualpi2,1420231395,3627,0,0,0,0.130781,31758,0,13,0,1116,9,0,9179,
dualpi2,1420241671,3634,0,0,0,0.127704,26183,0,12,0,1116,10,0,9195,
dualpi2,1420251947,3641,0,0,0,0.116601,26353,0,11,0,1116,10,0,9212,
dualpi2,1420260755,3647,0,0,0,0.116601,30964,0,12,0,1116,10,0,9227,
dualpi2,1420269563,3653,0,0,0,0.137178,28446,0,10,0,1116,11,0,9242,
dualpi2,1420279839,3660,0,0,0,0.120998,28068,0,9,0,1116,11,0,9257,
dualpi2,1420290115,3667,0,0,0,0.114711,20176,0,6,0,1116,11,0,9273,
dualpi2,1420300391,3674,0,0,0,0.110579,8158,0,3,0,1116,11,0,9289,
dualpi2,1420310667,3681,0,0,0,0.071354,5959,0,4,0,1116,11,0,9306,
dualpi2,1420319475,3687,0,0,0,0.062690,8267,0,4,0,1116,11,0,9322,
dualpi2,1420329751,3694,0,0,0,0.069351,8367,0,4,0,1116,11,0,9338,
dualpi2,1420340027,3701,0,0,0,0.060408,4545,0,5,0,1116,11,0,9354,
dualpi2,1420350303,3708,0,0,0,0.053694,10311,0,4,0,1116,11,0,9370,
dualpi2,1420360579,3715,0,0,0,0.071258,8798,0,5,0,1116,11,0,9386,
dualpi2,1420370855,3722,0,0,0,0.065096,10515,0,4,0,1116,11,0,9402,
dualpi2,1420381131,3729,0,0,0,0.069795,10703,0,5,0,1116,11,0,9418,
dualpi2,1420389939,3735,0,0,0,0.069140,11028,0,5,0,1116,11,0,9434,
dualpi2,1420400215,3742,0,0,0,0.049724,11135,0,4,0,1116,11,0,9451,
dualpi2,1420410491,3749,0,0,0,0.061041,9690,0,5,0,1116,11,0,9467,
dualpi2,1420420767,3756,0,0,0,0.065813,11447,0,6,0,1116,11,0,9483,
dualpi2,1420431043,3763,0,0,0,0.072999,13806,0,7,0,1116,11,0,9499,
dualpi2,1420441319,3770,0,0,0,0.073075,14065,0,6,0,1116,11,0,9515,
dualpi2,1420451595,3777,0,0,0,0.072760,14123,0,5,0,1116,11,0,9531,
dualpi2,1420461871,3784,0,0,0,0.078501,10191,0,6,0,1116,11,0,9547,
dualpi2,1420470679,3790,0,0,0,0.072454,14322,0,6,0,1116,11,0,9564,
dualpi2,1420480955,3797,0,0,0,0.072249,14510,0,9,0,1116,11,0,9580,
dualpi2,1420491231,3804,0,0,0,0.078183,16412,0,6,0,1116,11,0,9596,
dualpi2,1420501507,3811,0,0,0,0.072470,14778,0,7,0,1116,11,0,9612,
dualpi2,1420511783,3818,0,0,0,0.085562,10827,0,8,0,1116,11,0,9628,
dualpi2,1420522059,3825,0,0,0,0.078204,16686,0,5,0,1116,11,0,9644,
dualpi2,1420532335,3832,0,0,0,0.072573,11223,0,8,0,1116,11,0,9660,
dualpi2,1420542611,3839,0,0,0,0.078153,17024,0,5,0,1116,11,0,9677,
dualpi2,1420551419,3845,0,0,0,0.072613,15447,0,7,0,1116,11,0,9693,
dualpi2,1420561695,3852,0,0,0,0.091544,11686,0,8,0,1116,11,0,9709,
dualpi2,1420571971,3859,0,0,0,0.078624,17407,0,7,0,1116,11,0,9725,
dualpi2,1420582247,3866,0,0,0,0.092914,15945,0,10,0,1116,11,0,9741,
dualpi2,1420592523,3873,0,0,0,0.093110,21740,0,9,0,1116,11,0,9757,
dualpi2,1420602799,3880,0,0,0,0.088272,16132,0,8,0,1116,11,0,9773,
dualpi2,1420613075,3887,0,0,0,0.094223,21848,0,9,0,1116,11,0,9789,
dualpi2,1420621883,3893,0,0,0,0.089353,20215,0,9,0,1116,11,0,9806,
dualpi2,1420632159,3900,0,0,0,0.109086,16207,0,10,0,1116,11,0,9822,
dualpi2,1420642435,3907,0,0,0,0.096756,22067,0,9,0,1116,11,0,9838,
dualpi2,1420652711,3914,0,0,0,0.092044,16490,0,8,0,1116,11,0,9854,
dualpi2,1420662987,3921,0,0,0,0.092512,20735,0,9,0,1116,11,0,9870,
dualpi2,1420673263,3928,0,0,0,0.092897,16835,0,8,0,1116,11,0,9886,
dualpi2,1420683539,3935,0,0,0,0.112501,18786,0,9,0,1116,11,0,9902,
dualpi2,1420693815,3942,0,0,0,0.100325,18841,0,8,0,1116,11,0,9918,
dualpi2,1420702623,3948,0,0,0,0.095173,17351,0,8,0,1116,11,0,9935,
dualpi2,1420712899,3955,0,0,0,0.101707,23253,0,9,0,1116,12,0,9951,
dualpi2,1420723175,3962,0,0,0,0.096911,17824,0,8,0,1116,12,0,9967,
dualpi2,1420733451,3969,0,0,0,0.116539,19741,0,8,0,1116,13,0,9983,
dualpi2,1420743727,3976,0,0,0,0.104367,19744,0,6,0,1116,13,0,9999,
dualpi2,1420754003,3983,0,0,0,0.086069,10104,0,5,0,1116,13,0,10015,
dualpi2,1420764279,3990,0,0,0,0.058986,0,0,0,0,1116,13,0,10032,
dualpi2,1420773087,3996,0,0,0,0.037763,0,0,0,0,1116,13,0,10048,
dualpi2,1420783363,4003,0,0,0,0.041809,4293,0,3,0,1116,13,0,10064,
dualpi2,1420793639,4010,0,0,0,0.033268,538,0,2,0,1116,13,0,10080,
dualpi2,1420803915,4017,0,0,0,0.042903,4684,0,1,0,1116,13,0,10096,
dualpi2,1420814191,4024,0,0,0,0.029040,702,0,2,0,1116,13,0,10112,
dualpi2,1420822999,4030,0,0,0,0.026639,0,0,0,0,1116,13,0,10129,
dualpi2,1420834743,4038,0,0,0,0.024238,1167,0,2,0,1116,13,0,10145,
dualpi2,1420843551,4044,0,0,0,0.021836,0,0,0,0,1116,13,0,10161,
dualpi2,1420855295,4052,0,0,0,0.031960,0,0,0,0,1116,13,0,10177,
dualpi2,1420864103,4058,0,0,0,0.017631,1592,0,2,0,1116,13,0,10193,
dualpi2,1420874379,4065,0,0,0,0.027724,26,0,1,0,1116,13,0,10209,
dualpi2,1420884655,4072,0,0,0,0.013425,5699,0,4,0,1116,13,0,10225,
dualpi2,1420894931,4079,0,0,0,0.024175,4103,0,3,0,1116,13,0,10241,
dualpi2,1420905207,4086,0,0,0,0.029594,5713,0,2,0,1116,13,0,10257,
dualpi2,1420915483,4093,0,0,0,0.014736,4462,0,3,0,1116,13,0,10274,
dualpi2,1420925759,4100,0,0,0,0.031725,508,0,2,0,1116,13,0,10290,
dualpi2,1420936035,4107,0,0,0,0.011549,6354,0,3,0,1116,13,0,10306,
dualpi2,1420944843,4113,0,0,0,0.028611,4889,0,3,0,1116,13,0,10322,
dualpi2,1420955119,4120,0,0,0,0.021752,6635,0,2,0,1116,13,0,10338,
dualpi2,1420965395,4127,0,0,0,0.007094,5145,0,3,0,1116,13,0,10354,
dualpi2,1420975671,4134,0,0,0,0.023825,3009,0,2,0,1116,13,0,10371,
dualpi2,1420985947,4141,0,0,0,0.003969,5468,0,3,0,1116,13,0,10387,
dualpi2,1420996223,4148,0,0,0,0.020839,1643,0,2,0,1116,13,0,10403,
dualpi2,1421006499,4155,0,0,0,0.014193,7512,0,3,0,1116,13,0,10419,
dualpi2,1421016775,4162,0,0,0,0.000000,2075,0,2,0,1116,13,0,10435,
dualpi2,1421025583,4168,0,0,0,0.016704,4206,0,2,0,1116,13,0,10452,
dualpi2,1421035859,4175,0,0,0,0.000000,6445,0,7,0,1116,13,0,10468,
dualpi2,1421046135,4182,0,0,0,0.030608,8478,0,4,0,1116,13,0,10484,
dualpi2,1421056411,4189,0,0,0,0.024509,12542,0,5,0,1116,13,0,10500,
dualpi2,1421066687,4196,0,0,0,0.029486,6858,0,4,0,1116,13,0,10516,
dualpi2,1421076963,4203,0,0,0,0.023173,12619,0,3,0,1116,13,0,10532,
dualpi2,1421087239,4210,0,0,0,0.009035,7117,0,6,0,1116,13,0,10548,
dualpi2,1421097515,4217,0,0,0,0.021354,9121,0,3,0,1116,13,0,10565,
dualpi2,1421106323,4223,0,0,0,0.007179,11433,0,5,0,1116,13,0,10581,
dualpi2,1421116599,4230,0,0,0,0.025143,7577,0,6,0,1116,13,0,10597,
dualpi2,1421126875,4237,0,0,0,0.018733,13476,0,3,0,1116,13,0,10613,
dualpi2,1421137151,4244,0,0,0,0.004522,7915,0,4,0,1116,13,0,10629,
dualpi2,1421147427,4251,0,0,0,0.022659,13836,0,5,0,1116,13,0,10645,
dualpi2,1421157703,4258,0,0,0,0.002582,9773,0,4,0,1116,13,0,10661,
dualpi2,1421167979,4265,0,0,0,0.020504,13886,0,7,0,1116,13,0,10677,
dualpi2,1421176787,4271,0,0,0,0.027648,17739,0,7,0,1116,13,0,10693,
dualpi2,1421187063,4278,0,0,0,0.033410,12152,0,8,0,1116,13,0,10709,
dualpi2,1421197339,4285,0,0,0,0.027956,17762,0,7,0,1116,13,0,10725,
dualpi2,1421207615,4292,0,0,0,0.014319,12115,0,6,0,1116,13,0,10741,
dualpi2,1421217891,4299,0,0,0,0.032719,13834,0,7,0,1116,13,0,10757,
dualpi2,1421226699,4305,0,0,0,0.027159,16132,0,7,0,1116,13,0,10773,
dualpi2,1421236975,4312,0,0,0,0.032555,12180,0,8,0,1116,13,0,10789,
dualpi2,1421247251,4319,0,0,0,0.027337,16259,0,7,0,1116,13,0,10806,
dualpi2,1421257527,4326,0,0,0,0.019996,12211,0,8,0,1116,13,0,10822,
dualpi2,1421267803,4333,0,0,0,0.032164,17989,0,7,0,1116,13,0,10838,
dualpi2,1421278079,4340,0,0,0,0.026878,14161,0,6,0,1116,13,0,10854,
dualpi2,1421288355,4347,0,0,0,0.032532,12492,0,7,0,1116,13,0,10870,
dualpi2,1421297163,4353,0,0,0,0.027164,18291,0,7,0,1116,13,0,10886,
dualpi2,1421307439,4360,0,0,0,0.019254,12634,0,10,0,1116,13,0,10902,
dualpi2,1421317715,4367,0,0,0,0.026741,18504,0,9,0,1116,13,0,10918,
dualpi2,1421327991,4374,0,0,0,0.026507,18446,0,8,0,1116,13,0,10934,
dualpi2,1421338267,4381,0,0,0,0.045674,22539,0,9,0,1116,13,0,10950,
dualpi2,1421348543,4388,0,0,0,0.040922,18660,0,8,0,1116,13,0,10966,
dualpi2,1421358819,4395,0,0,0,0.046731,17237,0,9,0,1116,13,0,10982,
dualpi2,1421367627,4401,0,0,0,0.042214,23106,0,9,0,1116,13,0,10999,
dualpi2,1421377903,4408,0,0,0,0.035660,17575,0,8,0,1116,13,0,11015,
dualpi2,1421388179,4415,0,0,0,0.043173,23392,0,9,0,1116,13,0,11031,
dualpi2,1421398455,4422,0,0,0,0.043635,19461,0,8,0,1116,13,0,11047,
dualpi2,1421408731,4429,0,0,0,0.044371,17882,0,9,0,1116,13,0,11063,
dualpi2,1421419007,4436,0,0,0,0.044983,19694,0,8,0,1116,13,0,11079,
dualpi2,1421429283,4443,0,0,0,0.037985,18166,0,7,0,1116,13,0,11095,
dualpi2,1421438091,4449,0,0,0,0.046037,23922,0,9,0,1116,13,0,11112,
dualpi2,1421448367,4456,0,0,0,0.052456,18271,0,8,0,1116,13,0,11128,
dualpi2,1421458643,4463,0,0,0,0.052798,18272,0,11,0,1116,13,0,11144,
dualpi2,1421468919,4470,0,0,0,0.048156,24061,0,10,0,1116,13,0,11160,
dualpi2,1421479195,4477,0,0,0,0.067717,22372,0,11,0,1116,13,0,11176,
dualpi2,1421489471,4484,0,0,0,0.063569,24230,0,12,0,1116,13,0,11192,
dualpi2,1421499747,4491,0,0,0,0.083936,22842,0,9,0,1116,13,0,11208,
dualpi2,1421508555,4497,0,0,0,0.067006,28544,0,13,0,1116,13,0,11224,
dualpi2,1421518831,4504,0,0,0,0.068242,24502,0,10,0,1116,13,0,11240,
dualpi2,1421529107,4511,0,0,0,0.075073,22960,0,11,0,1116,13,0,11256,
dualpi2,1421539383,4518,0,0,0,0.070970,24792,0,12,0,1116,13,0,11272,
dualpi2,1421549659,4525,0,0,0,0.091414,23177,0,9,0,1116,14,0,11288,
dualpi2,1421559935,4532,0,0,0,0.074632,21040,0,10,0,1116,14,0,11305,
dualpi2,1421568743,4538,0,0,0,0.081680,23329,0,12,0,1116,14,0,11321,
dualpi2,1421579019,4545,0,0,0,0.077292,27373,0,11,0,1116,14,0,11337,
dualpi2,1421589295,4552,0,0,0,0.084664,23441,0,8,0,1116,14,0,11353,
dualpi2,1421599571,4559,0,0,0,0.080102,17285,0,5,0,1116,14,0,11369,
dualpi2,1421609847,4566,0,0,0,0.054697,11449,0,2,0,1116,14,0,11385,
dualpi2,1421620123,4573,0,0,0,0.033794,3533,0,2,0,1116,14,0,11401,
dualpi2,1421630399,4580,0,0,0,0.019256,3643,0,1,0,1116,14,0,11417,
dualpi2,1421639207,4586,0,0,0,0.002373,3866,0,3,0,1116,14,0,11433,
dualpi2,1421649483,4593,0,0,0,0.014551,77,0,2,0,1116,14,0,11449,
dualpi2,1421659759,4600,0,0,0,0.007633,5670,0,3,0,1116,14,0,11465,
dualpi2,1421670035,4607,0,0,0,0.011248,52,0,2,0,1116,14,0,11481,
dualpi2,1421678843,4613,0,0,0,0.004010,5195,0,4,0,1116,14,0,11497,
dualpi2,1421689119,4620,0,0,0,0.021065,3785,0,2,0,1116,14,0,11513,
dualpi2,1421699395,4627,0,0,0,0.001003,9543,0,1,0,1116,14,0,11529,
dualpi2,1421709671,4634,0,0,0,0.000000,5634,0,4,0,1116,14,0,11545,
dualpi2,1421719947,4641,0,0,0,0.017040,4042,0,3,0,1116,14,0,11561,
dualpi2,1421730223,4648,0,0,0,0.000000,9812,0,4,0,1116,14,0,11577,
dualpi2,1421740499,4655,0,0,0,0.030514,8343,0,5,0,1116,14,0,11594,
dualpi2,1421750775,4662,0,0,0,0.011300,10124,0,4,0,1116,14,0,11610,
dualpi2,1421759583,4668,0,0,0,0.028815,8496,0,6,0,1116,14,0,11626,
dualpi2,1421769859,4675,0,0,0,0.022971,14349,0,5,0,1116,14,0,11642,
dualpi2,1421780135,4682,0,0,0,0.008795,10508,0,4,0,1116,14,0,11658,
dualpi2,1421790411,4689,0,0,0,0.026720,8909,0,5,0,1116,14,0,11674,
dualpi2,1421800687,4696,0,0,0,0.007203,10733,0,4,0,1116,14,0,11690,
dualpi2,1421810963,4703,0,0,0,0.025065,9227,0,5,0,1116,14,0,11707,
dualpi2,1421821239,4710,0,0,0,0.019045,7241,0,4,0,1116,14,0,11723,
dualpi2,1421831515,4717,0,0,0,0.011127,9608,0,5,0,1116,14,0,11739,
dualpi2,1421840323,4723,0,0,0,0.017482,9741,0,5,0,1116,14,0,11755,
dualpi2,1421850599,4730,0,0,0,0.003253,11571,0,4,0,1116,14,0,11771,
dualpi2,1421860875,4737,0,0,0,0.021287,9913,0,5,0,1116,14,0,11787,
dualpi2,1421871151,4744,0,0,0,0.001686,7933,0,4,0,1116,14,0,11803,
dualpi2,1421881427,4751,0,0,0,0.006799,10289,0,5,0,1116,14,0,11820,
dualpi2,1421891703,4758,0,0,0,0.012995,6311,0,8,0,1116,14,0,11836,
dualpi2,1421901979,4765,0,0,0,0.000000,16102,0,5,0,1116,14,0,11852,
dualpi2,1421910787,4771,0,0,0,0.031460,14502,0,9,0,1116,14,0,11868,
dualpi2,1421921063,4778,0,0,0,0.012493,16383,0,6,0,1116,14,0,11884,
dualpi2,1421931339,4785,0,0,0,0.031110,14778,0,7,0,1116,14,0,11900,
dualpi2,1421941615,4792,0,0,0,0.025741,12776,0,8,0,1116,14,0,11916,
dualpi2,1421951891,4799,0,0,0,0.018722,16658,0,5,0,1116,14,0,11932,
dualpi2,1421962167,4806,0,0,0,0.031134,10999,0,8,0,1116,14,0,11948,
dualpi2,1421972443,4813,0,0,0,0.030882,16845,0,5,0,1116,14,0,11964,
dualpi2,1421981251,4819,0,0,0,0.025433,15250,0,7,0,1116,14,0,11981,
dualpi2,1421991527,4826,0,0,0,0.018346,13281,0,6,0,1116,14,0,11997,
dualpi2,1422001803,4833,0,0,0,0.025211,15545,0,5,0,1116,14,0,12013,
dualpi2,1422012079,4840,0,0,0,0.011766,11676,0,6,0,1116,14,0,12029,
dualpi2,1422022355,4847,0,0,0,0.024634,15887,0,5,0,1116,14,0,12045,
dualpi2,1422032631,4854,0,0,0,0.024602,13879,0,6,0,1116,14,0,12061,
dualpi2,1422042907,4861,0,0,0,0.017455,13987,0,7,0,1116,14,0,12078,
dualpi2,1422053183,4868,0,0,0,0.024543,13921,0,6,0,1116,14,0,12094,
dualpi2,1422061991,4874,0,0,0,0.010992,12185,0,8,0,1116,14,0,12110,
dualpi2,1422072267,4881,0,0,0,0.029560,18051,0,7,0,1116,14,0,12126,
dualpi2,1422082543,4888,0,0,0,0.010892,12493,0,10,0,1116,14,0,12142,
dualpi2,1422092819,4895,0,0,0,0.042454,22123,0,9,0,1116,14,0,12158,
dualpi2,1422103095,4902,0,0,0,0.038073,16592,0,8,0,1116,14,0,12174,
dualpi2,1422113371,4909,0,0,0,0.031839,18731,0,9,0,1116,14,0,12190,
dualpi2,1422123647,4916,0,0,0,0.039253,18671,0,8,0,1116,14,0,12206,
dualpi2,1422132455,4922,0,0,0,0.026315,17161,0,10,0,1116,14,0,12222,
dualpi2,1422142731,4929,0,0,0,0.045664,23130,0,9,0,1116,14,0,12239,
dualpi2,1422153007,4936,0,0,0,0.040926,19262,0,8,0,1116,14,0,12255,
dualpi2,1422163283,4943,0,0,0,0.047386,23359,0,9,0,1116,14,0,12271,
dualpi2,1422173559,4950,0,0,0,0.042760,19461,0,8,0,1116,14,0,12287,
dualpi2,1422183835,4957,0,0,0,0.029908,17845,0,9,0,1116,14,0,12303,
dualpi2,1422194111,4964,0,0,0,0.049082,19642,0,8,0,1116,14,0,12319,
dualpi2,1422204387,4971,0,0,0,0.044657,18260,0,8,0,1116,14,0,12335,
dualpi2,1422213262,4978,0,0,0,0.051307,24127,0,9,0,1116,14,0,12352,
dualpi2,1422223538,4985,0,0,0,0.046317,20193,0,8,0,1116,14,0,12368,
dualpi2,1422233814,4992,0,0,0,0.034493,18636,0,9,0,1116,14,0,12384,
dualpi2,1422244090,4999,0,0,0,0.046979,18379,0,8,0,1116,14,0,12400,
dualpi2,1422253034,5007,0,0,0,0.047834,0,0,0,0,1116,14,0,12416,
dualpi2,1422253034,5007,0,0,0,0.000000,0,0,0,0,1116,14,0,12432,
dualpi2,1422253034,5007,0,0,0,0.000000,0,0,0,0,1116,14,0,12448,
dualpi2,1422253034,5007,0,0,0,0.000000,0,0,0,0,1116,14,0,12464,
dualpi2,1422253034,5007,0,0,0,0.000000,0,0,0,0,1116,14,0,12480,
dualpi2,1422253034,5007,0,0,0,0.000000,0,0,0,0,1116,14,0,12496,
dualpi2,1422253387,5008,0,0,0,0.000000,0,0,0,0,1116,14,0,12512,
dualpi2,1422253387,5008,0,0,0,0.000000,0,0,0,0,1116,14,0,12528,
dualpi2,1422253387,5008,0,0,0,0.000000,0,0,0,0,1116,14,0,12544,
dualpi2,1422253387,5008,0,0,0,0.000000,0,0,0,0,1116,14,0,12560,
dualpi2,1422253387,5008,0,0,0,0.000000,0,0,0,0,1116,14,0,12576,
dualpi2,1422253387,5008,0,0,0,0.000000,0,0,0,0,1116,14,0,12592,
dualpi2,1422253453,5009,0,0,0,0.000000,0,0,0,0,1116,14,0,12608,
dualpi2,1422253453,5009,0,0,0,0.000000,0,0,0,0,1116,14,0,12624,
dualpi2,1422253453,5009,0,0,0,0.000000,0,0,0,0,1116,14,0,12640,
dualpi2,1422253652,5012,0,0,0,0.000000,0,0,0,0,1116,14,0,12656,
dualpi2,1422253652,5012,0,0,0,0.000000,0,0,0,0,1116,14,0,12672,
dualpi2,1422253718,5013,0,0,0,0.000000,0,0,0,0,1116,14,0,12688,
dualpi2,1422253718,5013,0,0,0,0.000000,0,0,0,0,1116,14,0,12704,
dualpi2,1422253718,5013,0,0,0,0.000000,0,0,0,0,1116,14,0,12720,
dualpi2,1422253718,5013,0,0,0,0.000000,0,0,0,0,1116,14,0,12737,
dualpi2,1422253718,5013,0,0,0,0.000000,0,0,0,0,1116,14,0,12753,
dualpi2,1422253718,5013,0,0,0,0.000000,0,0,0,0,1116,14,0,12769,
dualpi2,1422253718,5013,0,0,0,0.000000,0,0,0,0,1116,14,0,12785,
dualpi2,1422253718,5013,0,0,0,0.000000,0,0,0,0,1116,14,0,12801,
dualpi2,1422253718,5013,0,0,0,0.000000,0,0,0,0,1116,14,0,12817,
dualpi2,1422253718,5013,0,0,0,0.000000,0,0,0,0,1116,14,0,12833,
dualpi2,1422253718,5013,0,0,0,0.000000,0,0,0,0,1116,14,0,12849,
dualpi2,1422253718,5013,0,0,0,0.000000,0,0,0,0,1116,14,0,12865,
dualpi2,1422253718,5013,0,0,0,0.000000,0,0,0,0,1116,14,0,12881,
dualpi2,1422253718,5013,0,0,0,0.000000,0,0,0,0,1116,14,0,12897,
dualpi2,1422253718,5013,0,0,0,0.000000,0,0,0,0,1116,14,0,12913,
dualpi2,1422253718,5013,0,0,0,0.000000,0,0,0,0,1116,14,0,12929,
dualpi2,1422253718,5013,0,0,0,0.000000,0,0,0,0,1116,14,0,12945,
dualpi2,1422253718,5013,0,0,0,0.000000,0,0,0,0,1116,14,0,12961,
dualpi2,1422253718,5013,0,0,0,0.000000,0,0,0,0,1116,14,0,12977,
dualpi2,1422253718,5013,0,0,0,0.000000,0,0,0,0,1116,14,0,12993,
dualpi2,1422253718,5013,0,0,0,0.000000,0,0,0,0,1116,14,0,13009,
dualpi2,1422253718,5013,0,0,0,0.000000,0,0,0,0,1116,14,0,13025,
dualpi2,1422253718,5013,0,0,0,0.000000,0,0,0,0,1116,14,0,13041,
dualpi2,1422253718,5013,0,0,0,0.000000,0,0,0,0,1116,14,0,13057,
dualpi2,1422253718,5013,0,0,0,0.000000,0,0,0,0,1116,14,0,13073,
dualpi2,1422253718,5013,0,0,0,0.000000,0,0,0,0,1116,14,0,13089,
dualpi2,1422253718,5013,0,0,0,0.000000,0,0,0,0,1116,14,0,13105,
dualpi2,1422253718,5013,0,0,0,0.000000,0,0,0,0,1116,14,0,13121,
dualpi2,1422253718,5013,0,0,0,0.000000,0,0,0,0,1116,14,0,13137,
dualpi2,1422253718,5013,0,0,0,0.000000,0,0,0,0,1116,14,0,13153,
dualpi2,1422253718,5013,0,0,0,0.000000,0,0,0,0,1116,14,0,13169,
dualpi2,1422253718,5013,0,0,0,0.000000,0,0,0,0,1116,14,0,13185,
dualpi2,1422253718,5013,0,0,0,0.000000,0,0,0,0,1116,14,0,13201,
dualpi2,1422253718,5013,0,0,0,0.000000,0,0,0,0,1116,14,0,13217,
dualpi2,1422253718,5013,0,0,0,0.000000,0,0,0,0,1116,14,0,13233,
dualpi2,1422253718,5013,0,0,0,0.000000,0,0,0,0,1116,14,0,13249,
dualpi2,1422253718,5013,0,0,0,0.000000,0,0,0,0,1116,14,0,13265,
dualpi2,1422253718,5013,0,0,0,0.000000,0,0,0,0,1116,14,0,13281,
dualpi2,1422253718,5013,0,0,0,0.000000,0,0,0,0,1116,14,0,13297,
dualpi2,1422253718,5013,0,0,0,0.000000,0,0,0,0,1116,14,0,13313,
dualpi2,1422253718,5013,0,0,0,0.000000,0,0,0,0,1116,14,0,13329,
dualpi2,1422253718,5013,0,0,0,0.000000,0,0,0,0,1116,14,0,13345,
dualpi2,1422253718,5013,0,0,0,0.000000,0,0,0,0,1116,14,0,13361,
dualpi2,1422253718,5013,0,0,0,0.000000,0,0,0,0,1116,14,0,13377,
dualpi2,1422253792,5014,0,0,0,0.000000,0,0,0,0,1116,14,0,13393,
dualpi2,1422253858,5015,0,0,0,0.000000,0,0,0,0,1116,14,0,13409,
dualpi2,1422253966,5016,0,0,0,0.000000,0,0,0,0,1116,14,0,13425,
dualpi2,1422255008,5017,0,0,0,0.000000,0,0,0,0,1116,14,0,13442,
dualpi2,1422255008,5017,0,0,0,0.000000,0,0,0,0,1116,14,0,13458,
dualpi2,1422255008,5017,0,0,0,0.000000,0,0,0,0,1116,14,0,13474,
dualpi2,1422255074,5018,0,0,0,0.000000,0,0,0,0,1116,14,0,13490,
dualpi2,1422255074,5018,0,0,0,0.000000,0,0,0,0,1116,14,0,13506,
dualpi2,1422255570,5020,0,0,0,0.000000,0,0,0,0,1116,14,0,13522,
dualpi2,1422255570,5020,0,0,0,0.000000,0,0,0,0,1116,14,0,13538,
dualpi2,1422255570,5020,0,0,0,0.000000,0,0,0,0,1116,14,0,13554,
dualpi2,1422255570,5020,0,0,0,0.000000,0,0,0,0,1116,14,0,13570,
dualpi2,1422255570,5020,0,0,0,0.000000,0,0,0,0,1116,14,0,13586,
dualpi2,1422255636,5021,0,0,0,0.000000,0,0,0,0,1116,14,0,13602,
dualpi2,1422255636,5021,0,0,0,0.000000,0,0,0,0,1116,14,0,13618,
dualpi2,1422255812,5023,0,0,0,0.000000,0,0,0,0,1116,14,0,13634,
dualpi2,1422255930,5024,0,0,0,0.000000,0,0,0,0,1116,14,0,13650,
dualpi2,1422255930,5024,0,0,0,0.000000,0,0,0,0,1116,14,0,13667,
dualpi2,1422256328,5025,0,0,0,0.000000,0,0,0,0,1116,14,0,13683,
dualpi2,1422256328,5025,0,0,0,0.000000,0,0,0,0,1116,14,0,13699,
dualpi2,1422256422,5026,0,0,0,0.000000,0,0,0,0,1116,14,0,13715,
dualpi2,1422256422,5026,0,0,0,0.000000,0,0,0,0,1116,14,0,13731,
dualpi2,1422256422,5026,0,0,0,0.000000,0,0,0,0,1116,14,0,13747,
dualpi2,1422256422,5026,0,0,0,0.000000,0,0,0,0,1116,14,0,13763,
dualpi2,1422256488,5027,0,0,0,0.000000,0,0,0,0,1116,14,0,13779,
dualpi2,1422256488,5027,0,0,0,0.000000,0,0,0,0,1116,14,0,13795,
dualpi2,1422256488,5027,0,0,0,0.000000,0,0,0,0,1116,14,0,13811,
dualpi2,1422256488,5027,0,0,0,0.000000,0,0,0,0,1116,14,0,13828,
dualpi2,1422256488,5027,0,0,0,0.000000,0,0,0,0,1116,14,0,13844,
dualpi2,1422256488,5027,0,0,0,0.000000,0,0,0,0,1116,14,0,13860,
dualpi2,1422256488,5027,0,0,0,0.000000,0,0,0,0,1116,14,0,13876,
dualpi2,1422256488,5027,0,0,0,0.000000,0,0,0,0,1116,14,0,13892,
dualpi2,1422256488,5027,0,0,0,0.000000,0,0,0,0,1116,14,0,13908,
dualpi2,1422256488,5027,0,0,0,0.000000,0,0,0,0,1116,14,0,13924,
dualpi2,1422256488,5027,0,0,0,0.000000,0,0,0,0,1116,14,0,13940,
dualpi2,1422257494,5028,0,0,0,0.000000,0,0,0,0,1116,14,0,13956,
dualpi2,1422257494,5028,0,0,0,0.000000,0,0,0,0,1116,14,0,13972,
dualpi2,1422257494,5028,0,0,0,0.000000,0,0,0,0,1116,14,0,13988,
dualpi2,1422257494,5028,0,0,0,0.000000,0,0,0,0,1116,14,0,14004,
dualpi2,1422257494,5028,0,0,0,0.000000,0,0,0,0,1116,14,0,14020,
dualpi2,1422257604,5029,0,0,0,0.000000,0,0,0,0,1116,14,0,14036,
dualpi2,1422257808,5031,0,0,0,0.000000,0,0,0,0,1116,14,0,14052,
dualpi2,1422257808,5031,0,0,0,0.000000,0,0,0,0,1116,14,0,14068,
dualpi2,1422257808,5031,0,0,0,0.000000,0,0,0,0,1116,14,0,14084,
dualpi2,1422258050,5032,0,0,0,0.000000,0,0,0,0,1116,14,0,14100,
dualpi2,1422258050,5032,0,0,0,0.000000,0,0,0,0,1116,14,0,14116,
dualpi2,1422258182,5034,0,0,0,0.000000,0,0,0,0,1116,14,0,14132,
dualpi2,1422258182,5034,0,0,0,0.000000,0,0,0,0,1116,14,0,14148,
dualpi2,1422258182,5034,0,0,0,0.000000,0,0,0,0,1116,14,0,14164,
dualpi2,1422258182,5034,0,0,0,0.000000,0,0,0,0,1116,14,0,14180,
dualpi2,1422258182,5034,0,0,0,0.000000,0,0,0,0,1116,14,0,14196,
dualpi2,1422258182,5034,0,0,0,0.000000,0,0,0,0,1116,14,0,14212,
dualpi2,1422258182,5034,0,0,0,0.000000,0,0,0,0,1116,14,0,14228,
dualpi2,1422258182,5034,0,0,0,0.000000,0,0,0,0,1116,14,0,14244,
dualpi2,1422258182,5034,0,0,0,0.000000,0,0,0,0,1116,14,0,14260,
dualpi2,1422258182,5034,0,0,0,0.000000,0,0,0,0,1116,14,0,14276,
dualpi2,1422258182,5034,0,0,0,0.000000,0,0,0,0,1116,14,0,14292,
dualpi2,1422258182,5034,0,0,0,0.000000,0,0,0,0,1116,14,0,14308,
dualpi2,1422258182,5034,0,0,0,0.000000,0,0,0,0,1116,14,0,14324,
dualpi2,1422258182,5034,0,0,0,0.000000,0,0,0,0,1116,14,0,14340,
dualpi2,1422258182,5034,0,0,0,0.000000,0,0,0,0,1116,14,0,14356,
dualpi2,1422258182,5034,0,0,0,0.000000,0,0,0,0,1116,14,0,14372,
dualpi2,1422258182,5034,0,0,0,0.000000,0,0,0,0,1116,14,0,14388,
dualpi2,1422258182,5034,0,0,0,0.000000,0,0,0,0,1116,14,0,14404,
dualpi2,1422258182,5034,0,0,0,0.000000,0,0,0,0,1116,14,0,14420,
dualpi2,1422258182,5034,0,0,0,0.000000,0,0,0,0,1116,14,0,14436,
dualpi2,1422258182,5034,0,0,0,0.000000,0,0,0,0,1116,14,0,14452,
dualpi2,1422258182,5034,0,0,0,0.000000,0,0,0,0,1116,14,0,14468,
dualpi2,1422258182,5034,0,0,0,0.000000,0,0,0,0,1116,14,0,14484,
dualpi2,1422258182,5034,0,0,0,0.000000,0,0,0,0,1116,14,0,14500,
dualpi2,1422258182,5034,0,0,0,0.000000,0,0,0,0,1116,14,0,14516,
dualpi2,1422258182,5034,0,0,0,0.000000,0,0,0,0,1116,14,0,14531,
dualpi2,1422258182,5034,0,0,0,0.000000,0,0,0,0,1116,14,0,14547,
dualpi2,1422258182,5034,0,0,0,0.000000,0,0,0,0,1116,14,0,14563,
dualpi2,1422258182,5034,0,0,0,0.000000,0,0,0,0,1116,14,0,14579,
dualpi2,1422258182,5034,0,0,0,0.000000,0,0,0,0,1116,14,0,14595,
dualpi2,1422258182,5034,0,0,0,0.000000,0,0,0,0,1116,14,0,14612,
dualpi2,1422258182,5034,0,0,0,0.000000,0,0,0,0,1116,14,0,14628,
dualpi2,1422258182,5034,0,0,0,0.000000,0,0,0,0,1116,14,0,14644,
dualpi2,1422258182,5034,0,0,0,0.000000,0,0,0,0,1116,14,0,14660,
dualpi2,1422258182,5034,0,0,0,0.000000,0,0,0,0,1116,14,0,14676,
dualpi2,1422258182,5034,0,0,0,0.000000,0,0,0,0,1116,14,0,14692,
dualpi2,1422258182,5034,0,0,0,0.000000,0,0,0,0,1116,14,0,14708,
dualpi2,1422258182,5034,0,0,0,0.000000,0,0,0,0,1116,14,0,14724,
dualpi2,1422258182,5034,0,0,0,0.000000,0,0,0,0,1116,14,0,14740,
dualpi2,1422258182,5034,0,0,0,0.000000,0,0,0,0,1116,14,0,14756,
dualpi2,1422258182,5034,0,0,0,0.000000,0,0,0,0,1116,14,0,14772,
dualpi2,1422258182,5034,0,0,0,0.000000,0,0,0,0,1116,14,0,14788,
dualpi2,1422258182,5034,0,0,0,0.000000,0,0,0,0,1116,14,0,14804,
dualpi2,1422258182,5034,0,0,0,0.000000,0,0,0,0,1116,14,0,14820,
dualpi2,1422258182,5034,0,0,0,0.000000,0,0,0,0,1116,14,0,14836,
dualpi2,1422258182,5034,0,0,0,0.000000,0,0,0,0,1116,14,0,14852,
dualpi2,1422258182,5034,0,0,0,0.000000,0,0,0,0,1116,14,0,14868,
dualpi2,1422258182,5034,0,0,0,0.000000,0,0,0,0,1116,14,0,14884,
dualpi2,1422258182,5034,0,0,0,0.000000,0,0,0,0,1116,14,0,14900,
dualpi2,1422258182,5034,0,0,0,0.000000,0,0,0,0,1116,14,0,14916,
dualpi2,1422258182,5034,0,0,0,0.000000,0,0,0,0,1116,14,0,14932,
dualpi2,1422258182,5034,0,0,0,0.000000,0,0,0,0,1116,14,0,14948,
dualpi2,1422258182,5034,0,0,0,0.000000,0,0,0,0,1116,14,0,14964,
dualpi2,1422258182,5034,0,0,0,0.000000,0,0,0,0,1116,14,0,14980,
dualpi2,1422258182,5034,0,0,0,0.000000,0,0,0,0,1116,14,0,14996,
dualpi2,1422258182,5034,0,0,0,0.000000,0,0,0,0,1116,14,0,15013,
dualpi2,1422258182,5034,0,0,0,0.000000,0,0,0,0,1116,14,0,15029,
dualpi2,1422258182,5034,0,0,0,0.000000,0,0,0,0,1116,14,0,15045,
dualpi2,1422258182,5034,0,0,0,0.000000,0,0,0,0,1116,14,0,15061,
dualpi2,1422258182,5034,0,0,0,0.000000,0,0,0,0,1116,14,0,15077,
dualpi2,1422258182,5034,0,0,0,0.000000,0,0,0,0,1116,14,0,15093,
dualpi2,1422258182,5034,0,0,0,0.000000,0,0,0,0,1116,14,0,15109,
dualpi2,1422258182,5034,0,0,0,0.000000,0,0,0,0,1116,14,0,15125,
dualpi2,1422258182,5034,0,0,0,0.000000,0,0,0,0,1116,14,0,15141,
dualpi2,1422258182,5034,0,0,0,0.000000,0,0,0,0,1116,14,0,15157,
dualpi2,1422258182,5034,0,0,0,0.000000,0,0,0,0,1116,14,0,15173,
dualpi2,1422258182,5034,0,0,0,0.000000,0,0,0,0,1116,14,0,15189,
dualpi2,1422258182,5034,0,0,0,0.000000,0,0,0,0,1116,14,0,15205,
dualpi2,1422258182,5034,0,0,0,0.000000,0,0,0,0,1116,14,0,15221,
dualpi2,1422258182,5034,0,0,0,0.000000,0,0,0,0,1116,14,0,15238,
dualpi2,1422258182,5034,0,0,0,0.000000,0,0,0,0,1116,14,0,15254,
dualpi2,1422258182,5034,0,0,0,0.000000,0,0,0,0,1116,14,0,15270,
dualpi2,1422258182,5034,0,0,0,0.000000,0,0,0,0,1116,14,0,15286,
dualpi2,1422258182,5034,0,0,0,0.000000,0,0,0,0,1116,14,0,15302,
dualpi2,1422258182,5034,0,0,0,0.000000,0,0,0,0,1116,14,0,15318,
dualpi2,1422258182,5034,0,0,0,0.000000,0,0,0,0,1116,14,0,15334,
dualpi2,1422258182,5034,0,0,0,0.000000,0,0,0,0,1116,14,0,15350,
dualpi2,1422258182,5034,0,0,0,0.000000,0,0,0,0,1116,14,0,15366,
dualpi2,1422258182,5034,0,0,0,0.000000,0,0,0,0,1116,14,0,15382,
dualpi2,1422258182,5034,0,0,0,0.000000,0,0,0,0,1116,14,0,15398,
dualpi2,1422258182,5034,0,0,0,0.000000,0,0,0,0,1116,14,0,15414,
dualpi2,1422258182,5034,0,0,0,0.000000,0,0,0,0,1116,14,0,15430,
dualpi2,1422258182,5034,0,0,0,0.000000,0,0,0,0,1116,14,0,15446,
dualpi2,1422258182,5034,0,0,0,0.000000,0,0,0,0,1116,14,0,15462,
dualpi2,1422258182,5034,0,0,0,0.000000,0,0,0,0,1116,14,0,15478,
dualpi2,1422258182,5034,0,0,0,0.000000,0,0,0,0,1116,14,0,15495,
dualpi2,1422258182,5034,0,0,0,0.000000,0,0,0,0,1116,14,0,15511,
dualpi2,1422258182,5034,0,0,0,0.000000,0,0,0,0,1116,14,0,15527,
dualpi2,1422258182,5034,0,0,0,0.000000,0,0,0,0,1116,14,0,15543,
dualpi2,1422258182,5034,0,0,0,0.000000,0,0,0,0,1116,14,0,15559,
dualpi2,1422258182,5034,0,0,0,0.000000,0,0,0,0,1116,14,0,15575,
dualpi2,1422258182,5034,0,0,0,0.000000,0,0,0,0,1116,14,0,15591,
dualpi2,1422258182,5034,0,0,0,0.000000,0,0,0,0,1116,14,0,15607,
dualpi2,1422258182,5034,0,0,0,0.000000,0,0,0,0,1116,14,0,15623,
dualpi2,1422258182,5034,0,0,0,0.000000,0,0,0,0,1116,14,0,15639,
dualpi2,1422258182,5034,0,0,0,0.000000,0,0,0,0,1116,14,0,15655,
dualpi2,1422258182,5034,0,0,0,0.000000,0,0,0,0,1116,14,0,15671,
dualpi2,1422258182,5034,0,0,0,0.000000,0,0,0,0,1116,14,0,15688,
dualpi2,1422258182,5034,0,0,0,0.000000,0,0,0,0,1116,14,0,15704,
dualpi2,1422258182,5034,0,0,0,0.000000,0,0,0,0,1116,14,0,15720,
dualpi2,1422258182,5034,0,0,0,0.000000,0,0,0,0,1116,14,0,15736,
dualpi2,1422258182,5034,0,0,0,0.000000,0,0,0,0,1116,14,0,15752,
dualpi2,1422258182,5034,0,0,0,0.000000,0,0,0,0,1116,14,0,15768,
dualpi2,1422258182,5034,0,0,0,0.000000,0,0,0,0,1116,14,0,15784,
dualpi2,1422258182,5034,0,0,0,0.000000,0,0,0,0,1116,14,0,15800,
dualpi2,1422258182,5034,0,0,0,0.000000,0,0,0,0,1116,14,0,15816,
dualpi2,1422258182,5034,0,0,0,0.000000,0,0,0,0,1116,14,0,15832,
dualpi2,1422258182,5034,0,0,0,0.000000,0,0,0,0,1116,14,0,15848,
dualpi2,1422258182,5034,0,0,0,0.000000,0,0,0,0,1116,14,0,15864,
dualpi2,1422258182,5034,0,0,0,0.000000,0,0,0,0,1116,14,0,15880,
dualpi2,1422258182,5034,0,0,0,0.000000,0,0,0,0,1116,14,0,15896,
dualpi2,1422258182,5034,0,0,0,0.000000,0,0,0,0,1116,14,0,15912,
dualpi2,1422258182,5034,0,0,0,0.000000,0,0,0,0,1116,14,0,15928,
dualpi2,1422258182,5034,0,0,0,0.000000,0,0,0,0,1116,14,0,15944,
dualpi2,1422258182,5034,0,0,0,0.000000,0,0,0,0,1116,14,0,15960,
dualpi2,1422258182,5034,0,0,0,0.000000,0,0,0,0,1116,14,0,15976,
dualpi2,1422258182,5034,0,0,0,0.000000,0,0,0,0,1116,14,0,15992,
