Timestamp: 54392264.841,
cubic,7,7,248,43.861,21.93,1402,NaN,NaN,NaN,10,NaN,NaN,NaN,450,540,NaN,2600000.0,1760,8,5100000.0,NaN,NaN,NaN,151416,NaN,NaN,NaN,0.0,
cubic,7,7,248,43.861,21.93,1402,NaN,NaN,NaN,10,NaN,NaN,NaN,453,546,NaN,2600000.0,1792,8,5100000.0,NaN,NaN,NaN,151416,NaN,NaN,NaN,32.19700000435114,
cubic,7,7,248,43.861,21.93,1402,NaN,NaN,NaN,10,NaN,NaN,NaN,456,552,NaN,2600000.0,1824,4,5100000.0,NaN,NaN,NaN,151416,NaN,NaN,NaN,63.91400000452995,
cubic,7,7,248,43.861,21.93,1402,NaN,NaN,NaN,10,NaN,NaN,NaN,459,558,NaN,2600000.0,1852,12,5100000.0,NaN,NaN,NaN,151416,NaN,NaN,NaN,92.00900000333786,
cubic,7,7,248,43.861,21.93,1402,NaN,NaN,NaN,10,NaN,NaN,NaN,464,568,NaN,2600000.0,1884,NaN,5100000.0,NaN,NaN,NaN,151416,NaN,NaN,NaN,123.97399999946356,
cubic,7,7,248,43.861,21.93,1402,NaN,NaN,NaN,10,NaN,NaN,NaN,466,572,NaN,2600000.0,1916,8,5100000.0,NaN,NaN,NaN,151416,NaN,NaN,NaN,155.93299999833107,
cubic,7,7,248,43.861,21.93,1402,NaN,NaN,NaN,10,NaN,NaN,NaN,469,578,NaN,2600000.0,1944,16,5100000.0,NaN,NaN,NaN,151416,NaN,NaN,NaN,183.875,
cubic,7,7,248,43.861,21.93,1402,NaN,NaN,NaN,10,NaN,NaN,NaN,474,588,NaN,2600000.0,1976,4,5100000.0,NaN,NaN,NaN,151416,NaN,NaN,NaN,216.08200000226498,
cubic,7,7,248,43.861,21.93,1402,NaN,NaN,NaN,10,NaN,NaN,NaN,477,595,NaN,2600000.0,2008,4,5100000.0,NaN,NaN,NaN,151416,NaN,NaN,NaN,248.11200000345707,
cubic,7,7,248,43.861,21.93,1402,NaN,NaN,NaN,10,NaN,NaN,NaN,481,602,NaN,2600000.0,2040,4,5100000.0,NaN,NaN,NaN,151416,NaN,NaN,NaN,279.91200000047684,
cubic,7,7,248,43.861,21.93,1402,NaN,NaN,NaN,10,NaN,NaN,NaN,486,612,NaN,2600000.0,2072,8,5100000.0,NaN,NaN,NaN,151416,NaN,NaN,NaN,311.8130000010133,
cubic,7,7,248,43.861,21.93,1402,NaN,NaN,NaN,10,NaN,NaN,NaN,491,622,NaN,2600000.0,2104,NaN,5100000.0,NaN,NaN,NaN,151416,NaN,NaN,NaN,344.0570000037551,
cubic,7,7,248,43.861,21.93,1402,NaN,NaN,NaN,10,NaN,NaN,NaN,494,628,NaN,2600000.0,2136,8,5100000.0,NaN,NaN,NaN,151416,NaN,NaN,NaN,375.8660000041127,
cubic,7,7,248,43.861,21.93,1402,NaN,NaN,NaN,10,NaN,NaN,NaN,498,636,NaN,2600000.0,2168,16,5100000.0,NaN,NaN,NaN,151416,NaN,NaN,NaN,407.88700000196695,
cubic,7,7,248,43.861,21.93,1402,NaN,NaN,NaN,10,NaN,NaN,NaN,504,648,NaN,2600000.0,2192,NaN,5100000.0,NaN,NaN,NaN,151416,NaN,NaN,NaN,435.85999999940395,
cubic,7,7,248,43.861,21.93,1402,NaN,NaN,NaN,10,NaN,NaN,NaN,507,654,NaN,2600000.0,2224,8,5100000.0,NaN,NaN,NaN,151416,NaN,NaN,NaN,463.972000002861,
cubic,7,7,248,43.861,21.93,1402,NaN,NaN,NaN,10,NaN,NaN,NaN,512,664,NaN,2600000.0,2252,8,5100000.0,NaN,NaN,NaN,151416,NaN,NaN,NaN,492.082000002265,
cubic,7,7,248,43.861,21.93,1402,NaN,NaN,NaN,10,NaN,NaN,NaN,516,672,NaN,2600000.0,2280,8,5100000.0,NaN,NaN,NaN,151416,NaN,NaN,NaN,519.9250000044703,
cubic,7,7,248,43.861,21.93,1402,NaN,NaN,NaN,10,NaN,NaN,NaN,521,682,NaN,2600000.0,2308,4,5100000.0,NaN,NaN,NaN,151416,NaN,NaN,NaN,551.929000005126,
cubic,7,7,248,43.861,21.93,1402,NaN,NaN,NaN,10,NaN,NaN,NaN,527,694,NaN,2600000.0,2340,4,5100000.0,NaN,NaN,NaN,151416,NaN,NaN,NaN,579.929999999702,
cubic,7,7,248,43.861,21.93,1402,NaN,NaN,NaN,10,NaN,NaN,NaN,532,704,NaN,2600000.0,2372,4,5100000.0,NaN,NaN,NaN,151416,NaN,NaN,NaN,612.1880000010133,
cubic,7,7,248,43.861,21.93,1402,NaN,NaN,NaN,10,NaN,NaN,NaN,538,716,NaN,2600000.0,2404,4,5100000.0,NaN,NaN,NaN,151416,NaN,NaN,NaN,643.8850000053644,
cubic,7,7,248,43.861,21.93,1402,NaN,NaN,NaN,10,NaN,NaN,NaN,544,728,NaN,2600000.0,2436,4,5100000.0,NaN,NaN,NaN,151416,NaN,NaN,NaN,676.054000005126,
cubic,7,7,248,43.861,21.93,1402,NaN,NaN,NaN,10,NaN,NaN,NaN,550,740,NaN,2600000.0,2468,4,5100000.0,NaN,NaN,NaN,151416,NaN,NaN,NaN,707.8960000053048,
cubic,7,7,248,43.861,21.93,1402,NaN,NaN,NaN,10,NaN,NaN,NaN,555,750,NaN,2600000.0,2500,8,5100000.0,NaN,NaN,NaN,151416,NaN,NaN,NaN,740.0870000049472,
cubic,7,7,248,43.861,21.93,1402,NaN,NaN,NaN,10,NaN,NaN,NaN,561,763,NaN,2600000.0,2528,4,5100000.0,NaN,NaN,NaN,151416,NaN,NaN,NaN,768.167000003159,
cubic,7,7,248,43.861,21.93,1402,NaN,NaN,NaN,10,NaN,NaN,NaN,566,773,NaN,2600000.0,2556,4,5100000.0,NaN,NaN,NaN,151416,NaN,NaN,NaN,796.054999999702,
cubic,7,7,248,43.861,21.93,1402,NaN,NaN,NaN,10,NaN,NaN,NaN,572,785,NaN,2600000.0,2584,4,5100000.0,NaN,NaN,NaN,151416,NaN,NaN,NaN,824.0920000001788,
cubic,7,7,248,43.861,21.93,1402,NaN,NaN,NaN,10,NaN,NaN,NaN,579,798,NaN,2600000.0,2616,4,5100000.0,NaN,NaN,NaN,151416,NaN,NaN,NaN,855.8810000047088,
cubic,7,7,248,43.861,21.93,1402,NaN,NaN,NaN,10,NaN,NaN,NaN,585,811,NaN,2600000.0,2648,NaN,5100000.0,NaN,NaN,NaN,151416,NaN,NaN,NaN,888.0799999982119,
cubic,7,7,248,43.861,21.93,1402,NaN,NaN,NaN,10,NaN,NaN,NaN,592,824,NaN,2600000.0,2680,NaN,5100000.0,NaN,NaN,NaN,151416,NaN,NaN,NaN,919.9369999989867,
cubic,7,7,248,43.861,21.93,1402,NaN,NaN,NaN,10,NaN,NaN,NaN,598,837,NaN,2600000.0,2712,NaN,5100000.0,NaN,NaN,NaN,151416,NaN,NaN,NaN,951.9090000018477,
cubic,7,7,248,43.861,21.93,1402,NaN,NaN,NaN,10,NaN,NaN,NaN,605,850,NaN,2600000.0,2744,4,5100000.0,NaN,NaN,NaN,151416,NaN,NaN,NaN,984.0960000008345,
cubic,7,7,248,43.861,21.93,1402,NaN,NaN,NaN,10,NaN,NaN,NaN,612,864,NaN,2600000.0,2776,NaN,5100000.0,NaN,NaN,NaN,151416,NaN,NaN,NaN,1016.0359999984503,
cubic,7,7,248,43.861,21.93,1402,NaN,NaN,NaN,10,NaN,NaN,NaN,619,878,NaN,2600000.0,2808,NaN,5100000.0,NaN,NaN,NaN,151416,NaN,NaN,NaN,1047.91400000453,
cubic,7,7,248,43.861,21.93,1402,NaN,NaN,NaN,10,NaN,NaN,NaN,625,891,NaN,2600000.0,2840,4,5100000.0,NaN,NaN,NaN,151416,NaN,NaN,NaN,1079.929000005126,
cubic,7,7,248,43.861,21.93,1402,NaN,NaN,NaN,10,NaN,NaN,NaN,632,905,NaN,2600000.0,2872,NaN,5100000.0,NaN,NaN,NaN,151416,NaN,NaN,NaN,1112.1939999982715,
cubic,7,7,248,43.861,21.93,1402,NaN,NaN,NaN,10,NaN,NaN,NaN,639,918,NaN,2600000.0,2904,4,5100000.0,NaN,NaN,NaN,151416,NaN,NaN,NaN,1144.1040000021458,
cubic,7,7,248,43.861,21.93,1402,NaN,NaN,NaN,10,NaN,NaN,NaN,646,932,NaN,2600000.0,2936,4,5100000.0,NaN,NaN,NaN,151416,NaN,NaN,NaN,1176.0410000011325,
cubic,7,7,248,43.861,21.93,1402,NaN,NaN,NaN,10,NaN,NaN,NaN,652,945,NaN,2600000.0,2968,4,5100000.0,NaN,NaN,NaN,151416,NaN,NaN,NaN,1208.0439999997616,
cubic,7,7,248,43.861,21.93,1402,NaN,NaN,NaN,10,NaN,NaN,NaN,659,958,NaN,2600000.0,2996,NaN,5100000.0,NaN,NaN,NaN,151416,NaN,NaN,NaN,1237.0310000032187,
cubic,7,7,248,43.861,21.93,1402,NaN,NaN,NaN,10,NaN,NaN,NaN,665,971,NaN,2600000.0,3028,4,5100000.0,NaN,NaN,NaN,151416,NaN,NaN,NaN,1268.0340000018477,
cubic,7,7,248,43.861,21.93,1402,NaN,NaN,NaN,10,NaN,NaN,NaN,672,985,NaN,2600000.0,3060,NaN,5100000.0,NaN,NaN,NaN,151416,NaN,NaN,NaN,1300.1530000045896,
cubic,7,7,248,43.861,21.93,1402,NaN,NaN,NaN,10,NaN,NaN,NaN,679,999,NaN,2600000.0,3092,NaN,5100000.0,NaN,NaN,NaN,151416,NaN,NaN,NaN,1332.2400000020862,
cubic,7,7,248,43.861,21.93,1402,NaN,NaN,NaN,10,NaN,NaN,NaN,685,1011,NaN,2600000.0,3124,4,5100000.0,NaN,NaN,NaN,151416,NaN,NaN,NaN,1363.9540000036359,
cubic,7,7,248,43.861,21.93,1402,NaN,NaN,NaN,10,NaN,NaN,NaN,691,1023,NaN,2600000.0,3152,4,5100000.0,NaN,NaN,NaN,151416,NaN,NaN,NaN,1392.085000000894,
cubic,7,7,248,43.861,21.93,1402,NaN,NaN,NaN,10,NaN,NaN,NaN,698,1037,NaN,2600000.0,3184,4,5100000.0,NaN,NaN,NaN,151416,NaN,NaN,NaN,1423.9540000036359,
cubic,7,7,248,43.861,21.93,1402,NaN,NaN,NaN,10,NaN,NaN,NaN,706,1051,NaN,2600000.0,3216,NaN,5100000.0,NaN,NaN,NaN,151416,NaN,NaN,NaN,1455.8940000012517,
cubic,7,7,248,43.861,21.93,1402,NaN,NaN,NaN,10,NaN,NaN,NaN,713,1065,NaN,2600000.0,3248,NaN,5100000.0,NaN,NaN,NaN,151416,NaN,NaN,NaN,1488.0500000044703,
cubic,7,7,248,43.861,21.93,1402,NaN,NaN,NaN,10,NaN,NaN,NaN,721,1078,NaN,2600000.0,3280,NaN,5100000.0,NaN,NaN,NaN,151416,NaN,NaN,NaN,1520.094000004232,
cubic,7,7,248,43.861,21.93,1402,NaN,NaN,NaN,10,NaN,NaN,NaN,725,1087,NaN,2600000.0,3308,NaN,5100000.0,NaN,NaN,NaN,151416,NaN,NaN,NaN,1548.1620000004768,
cubic,7,7,248,43.861,21.93,1402,NaN,NaN,NaN,10,NaN,NaN,NaN,730,1097,NaN,2600000.0,3340,8,5100000.0,NaN,NaN,NaN,151416,NaN,NaN,NaN,1580.054000005126,
cubic,7,7,248,43.861,21.93,1402,NaN,NaN,NaN,10,NaN,NaN,NaN,736,1110,NaN,2600000.0,3368,4,5100000.0,NaN,NaN,NaN,151416,NaN,NaN,NaN,1611.877999998629,
cubic,7,7,248,43.861,21.93,1402,NaN,NaN,NaN,10,NaN,NaN,NaN,741,1121,NaN,2600000.0,3400,4,5100000.0,NaN,NaN,NaN,151416,NaN,NaN,NaN,1640.0960000008345,
cubic,7,7,248,43.861,21.93,1402,NaN,NaN,NaN,10,NaN,NaN,NaN,748,1134,NaN,2600000.0,3432,4,5100000.0,NaN,NaN,NaN,151416,NaN,NaN,NaN,1672.0750000029802,
cubic,7,7,248,43.861,21.93,1402,NaN,NaN,NaN,10,NaN,NaN,NaN,753,1145,NaN,2600000.0,3460,4,5100000.0,NaN,NaN,NaN,151416,NaN,NaN,NaN,1700.16400000453,
cubic,7,7,248,43.861,21.93,1402,NaN,NaN,NaN,10,NaN,NaN,NaN,760,1158,NaN,2600000.0,3492,4,5100000.0,NaN,NaN,NaN,151416,NaN,NaN,NaN,1731.8550000041723,
cubic,7,7,248,43.861,21.93,1402,NaN,NaN,NaN,10,NaN,NaN,NaN,766,1171,NaN,2600000.0,3520,NaN,5100000.0,NaN,NaN,NaN,151416,NaN,NaN,NaN,1764.0650000050664,
cubic,7,7,248,43.861,21.93,1402,NaN,NaN,NaN,10,NaN,NaN,NaN,772,1183,NaN,2600000.0,3548,NaN,5100000.0,NaN,NaN,NaN,151416,NaN,NaN,NaN,1792.0179999992251,
cubic,7,7,248,43.861,21.93,1402,NaN,NaN,NaN,10,NaN,NaN,NaN,778,1195,NaN,2600000.0,3580,4,5100000.0,NaN,NaN,NaN,151416,NaN,NaN,NaN,1819.874000005424,
cubic,7,7,248,43.861,21.93,1402,NaN,NaN,NaN,10,NaN,NaN,NaN,785,1209,NaN,2600000.0,3612,NaN,5100000.0,NaN,NaN,NaN,151416,NaN,NaN,NaN,1852.2430000007153,
cubic,7,7,248,43.861,21.93,1402,NaN,NaN,NaN,10,NaN,NaN,NaN,792,1222,NaN,2600000.0,3644,4,5100000.0,NaN,NaN,NaN,151416,NaN,NaN,NaN,1884.1150000020862,
cubic,7,7,248,43.861,21.93,1402,NaN,NaN,NaN,10,NaN,NaN,NaN,799,1236,NaN,2600000.0,3676,NaN,5100000.0,NaN,NaN,NaN,151416,NaN,NaN,NaN,1916.8360000029206,
cubic,7,7,248,43.861,21.93,1402,NaN,NaN,NaN,10,NaN,NaN,NaN,806,1250,NaN,2600000.0,3708,NaN,5100000.0,NaN,NaN,NaN,151416,NaN,NaN,NaN,1948.057000003755,
cubic,7,7,248,43.861,21.93,1402,NaN,NaN,NaN,10,NaN,NaN,NaN,812,1263,NaN,2600000.0,3740,4,5100000.0,NaN,NaN,NaN,151416,NaN,NaN,NaN,1979.9659999981523,
cubic,7,7,248,43.861,21.93,1402,NaN,NaN,NaN,10,NaN,NaN,NaN,819,1277,NaN,2600000.0,3772,NaN,5100000.0,NaN,NaN,NaN,151416,NaN,NaN,NaN,2012.0080000013113,
cubic,7,7,248,43.861,21.93,1402,NaN,NaN,NaN,10,NaN,NaN,NaN,826,1290,NaN,2600000.0,3804,4,5100000.0,NaN,NaN,NaN,151416,NaN,NaN,NaN,2044.054000005126,
cubic,7,7,248,43.861,21.93,1402,NaN,NaN,NaN,10,NaN,NaN,NaN,833,1304,NaN,2600000.0,3836,4,5100000.0,NaN,NaN,NaN,151416,NaN,NaN,NaN,2076.057000003755,
cubic,7,7,248,43.861,21.93,1402,NaN,NaN,NaN,10,NaN,NaN,NaN,839,1316,NaN,2600000.0,3864,4,5100000.0,NaN,NaN,NaN,151416,NaN,NaN,NaN,2104.0410000011325,
cubic,7,7,248,43.861,21.93,1402,NaN,NaN,NaN,10,NaN,NaN,NaN,846,1330,NaN,2600000.0,3896,NaN,5100000.0,NaN,NaN,NaN,151416,NaN,NaN,NaN,2136.057000003755,
cubic,7,7,248,43.861,21.93,1402,NaN,NaN,NaN,10,NaN,NaN,NaN,852,1343,NaN,2600000.0,3928,4,5100000.0,NaN,NaN,NaN,151416,NaN,NaN,NaN,2167.9930000007153,
cubic,7,7,248,43.861,21.93,1402,NaN,NaN,NaN,10,NaN,NaN,NaN,858,1355,NaN,2600000.0,3956,4,5100000.0,NaN,NaN,NaN,151416,NaN,NaN,NaN,2196.002999998629,
cubic,7,7,248,43.861,21.93,1402,NaN,NaN,NaN,10,NaN,NaN,NaN,865,1369,NaN,2600000.0,3988,NaN,5100000.0,NaN,NaN,NaN,151416,NaN,NaN,NaN,2228.1359999999404,
cubic,7,7,248,43.861,21.93,1402,NaN,NaN,NaN,10,NaN,NaN,NaN,872,1383,NaN,2600000.0,4020,NaN,5100000.0,NaN,NaN,NaN,151416,NaN,NaN,NaN,2260.115000002086,
cubic,7,7,248,43.861,21.93,1402,NaN,NaN,NaN,10,NaN,NaN,NaN,879,1396,NaN,2600000.0,4052,4,5100000.0,NaN,NaN,NaN,151416,NaN,NaN,NaN,2291.929999999702,
cubic,7,7,248,43.861,21.93,1402,NaN,NaN,NaN,10,NaN,NaN,NaN,885,1409,NaN,2600000.0,4084,4,5100000.0,NaN,NaN,NaN,151416,NaN,NaN,NaN,2323.9530000016093,
cubic,7,7,248,43.861,21.93,1402,NaN,NaN,NaN,10,NaN,NaN,NaN,892,1423,NaN,2600000.0,4116,4,5100000.0,NaN,NaN,NaN,151416,NaN,NaN,NaN,2356.1600000038743,
cubic,7,7,248,43.861,21.93,1402,NaN,NaN,NaN,10,NaN,NaN,NaN,899,1437,NaN,2600000.0,4148,NaN,5100000.0,NaN,NaN,NaN,151416,NaN,NaN,NaN,2387.9830000028014,
cubic,7,7,248,43.861,21.93,1402,NaN,NaN,NaN,10,NaN,NaN,NaN,905,1448,NaN,2600000.0,4176,4,5100000.0,NaN,NaN,NaN,151416,NaN,NaN,NaN,2416.157999999821,
cubic,7,7,248,43.861,21.93,1402,NaN,NaN,NaN,10,NaN,NaN,NaN,911,1461,NaN,2600000.0,4204,NaN,5100000.0,NaN,NaN,NaN,151416,NaN,NaN,NaN,2444.0860000029206,
cubic,7,7,248,43.861,21.93,1402,NaN,NaN,NaN,10,NaN,NaN,NaN,918,1474,NaN,2600000.0,4236,4,5100000.0,NaN,NaN,NaN,151416,NaN,NaN,NaN,2476.0560000017285,
cubic,7,7,248,43.861,21.93,1402,NaN,NaN,NaN,10,NaN,NaN,NaN,925,1488,NaN,2600000.0,4268,4,5100000.0,NaN,NaN,NaN,151416,NaN,NaN,NaN,2508.14999999851,
cubic,7,7,248,43.861,21.93,1402,NaN,NaN,NaN,10,NaN,NaN,NaN,931,1501,NaN,2600000.0,4300,4,5100000.0,NaN,NaN,NaN,151416,NaN,NaN,NaN,2539.917000003159,
cubic,7,7,248,43.861,21.93,1402,NaN,NaN,NaN,10,NaN,NaN,NaN,937,1513,NaN,2600000.0,4328,4,5100000.0,NaN,NaN,NaN,151416,NaN,NaN,NaN,2568.049000002444,
cubic,7,7,248,43.861,21.93,1402,NaN,NaN,NaN,10,NaN,NaN,NaN,944,1527,NaN,2600000.0,4360,4,5100000.0,NaN,NaN,NaN,151416,NaN,NaN,NaN,2599.9250000044703,
cubic,7,7,248,43.861,21.93,1402,NaN,NaN,NaN,10,NaN,NaN,NaN,950,1539,NaN,2600000.0,4388,4,5100000.0,NaN,NaN,NaN,151416,NaN,NaN,NaN,2628.0139999985695,
cubic,7,7,248,43.861,21.93,1402,NaN,NaN,NaN,10,NaN,NaN,NaN,957,1553,NaN,2600000.0,4420,NaN,5100000.0,NaN,NaN,NaN,151416,NaN,NaN,NaN,2660.03900000453,
cubic,7,7,248,43.861,21.93,1402,NaN,NaN,NaN,10,NaN,NaN,NaN,964,1566,NaN,2600000.0,4452,4,5100000.0,NaN,NaN,NaN,151416,NaN,NaN,NaN,2691.892000004649,
cubic,7,7,248,43.861,21.93,1402,NaN,NaN,NaN,10,NaN,NaN,NaN,971,1580,NaN,2600000.0,4484,NaN,5100000.0,NaN,NaN,NaN,151416,NaN,NaN,NaN,2723.9439999982715,
cubic,7,7,248,43.861,21.93,1402,NaN,NaN,NaN,10,NaN,NaN,NaN,978,1594,NaN,2600000.0,4516,NaN,5100000.0,NaN,NaN,NaN,151416,NaN,NaN,NaN,2755.880000002682,
cubic,7,7,248,43.861,21.93,1402,NaN,NaN,NaN,10,NaN,NaN,NaN,984,1607,NaN,2600000.0,4548,4,5100000.0,NaN,NaN,NaN,151416,NaN,NaN,NaN,2787.9039999991655,
cubic,7,7,248,43.861,21.93,1402,NaN,NaN,NaN,10,NaN,NaN,NaN,991,1620,NaN,2600000.0,4576,NaN,5100000.0,NaN,NaN,NaN,151416,NaN,NaN,NaN,2819.9890000000596,
cubic,7,7,248,43.861,21.93,1402,NaN,NaN,NaN,10,NaN,NaN,NaN,997,1632,NaN,2600000.0,4608,4,5100000.0,NaN,NaN,NaN,151416,NaN,NaN,NaN,2848.0980000048876,
cubic,7,7,248,43.861,21.93,1402,NaN,NaN,NaN,10,NaN,NaN,NaN,1003,1644,NaN,2600000.0,4636,4,5100000.0,NaN,NaN,NaN,151416,NaN,NaN,NaN,2875.822000004351,
cubic,7,7,248,43.861,21.93,1402,NaN,NaN,NaN,10,NaN,NaN,NaN,1009,1656,NaN,2600000.0,4664,4,5100000.0,NaN,NaN,NaN,151416,NaN,NaN,NaN,2904.097000002861,
cubic,7,7,248,43.861,21.93,1402,NaN,NaN,NaN,10,NaN,NaN,NaN,1015,1668,NaN,2600000.0,4692,4,5100000.0,NaN,NaN,NaN,151416,NaN,NaN,NaN,2932.0680000036955,
cubic,7,7,248,43.861,21.93,1402,NaN,NaN,NaN,10,NaN,NaN,NaN,1021,1681,NaN,2600000.0,4720,NaN,5100000.0,NaN,NaN,NaN,151416,NaN,NaN,NaN,2960.1020000055432,
cubic,7,7,248,43.861,21.93,1402,NaN,NaN,NaN,10,NaN,NaN,NaN,1028,1694,NaN,2600000.0,4752,4,5100000.0,NaN,NaN,NaN,151416,NaN,NaN,NaN,2991.9259999990463,
cubic,7,7,248,43.861,21.93,1402,NaN,NaN,NaN,10,NaN,NaN,NaN,1034,1707,NaN,2600000.0,4784,4,5100000.0,NaN,NaN,NaN,151416,NaN,NaN,NaN,3023.9919999986887,
cubic,7,7,248,43.861,21.93,1402,NaN,NaN,NaN,10,NaN,NaN,NaN,1040,1719,NaN,2600000.0,4808,NaN,5100000.0,NaN,NaN,NaN,151416,NaN,NaN,NaN,3051.9519999995828,
cubic,7,7,248,43.861,21.93,1402,NaN,NaN,NaN,10,NaN,NaN,NaN,1047,1732,NaN,2600000.0,4840,NaN,5100000.0,NaN,NaN,NaN,151416,NaN,NaN,NaN,3080.0069999992847,
cubic,7,7,248,43.861,21.93,1402,NaN,NaN,NaN,10,NaN,NaN,NaN,1054,1746,NaN,2600000.0,4872,NaN,5100000.0,NaN,NaN,NaN,151416,NaN,NaN,NaN,3112.462000004947,
cubic,7,7,248,43.861,21.93,1402,NaN,NaN,NaN,10,NaN,NaN,NaN,1060,1759,NaN,2600000.0,4904,NaN,5100000.0,NaN,NaN,NaN,151416,NaN,NaN,NaN,3144.4860000014305,
cubic,7,7,248,43.861,21.93,1402,NaN,NaN,NaN,10,NaN,NaN,NaN,1067,1772,NaN,2600000.0,4936,4,5100000.0,NaN,NaN,NaN,151416,NaN,NaN,NaN,3176.1180000007153,
cubic,7,7,248,43.861,21.93,1402,NaN,NaN,NaN,10,NaN,NaN,NaN,1074,1786,NaN,2600000.0,4968,4,5100000.0,NaN,NaN,NaN,151416,NaN,NaN,NaN,3208.039999999106,
cubic,7,7,248,43.861,21.93,1402,NaN,NaN,NaN,10,NaN,NaN,NaN,1080,1798,NaN,2600000.0,4996,NaN,5100000.0,NaN,NaN,NaN,151416,NaN,NaN,NaN,3236.0900000035763,
cubic,7,7,248,43.861,21.93,1402,NaN,NaN,NaN,10,NaN,NaN,NaN,1086,1811,NaN,2600000.0,5028,4,5100000.0,NaN,NaN,NaN,151416,NaN,NaN,NaN,3267.954000003636,
cubic,7,7,248,43.861,21.93,1402,NaN,NaN,NaN,10,NaN,NaN,NaN,1092,1823,NaN,2600000.0,5056,4,5100000.0,NaN,NaN,NaN,151416,NaN,NaN,NaN,3296.185000002384,
cubic,7,7,248,43.861,21.93,1402,NaN,NaN,NaN,10,NaN,NaN,NaN,1099,1837,NaN,2600000.0,5088,4,5100000.0,NaN,NaN,NaN,151416,NaN,NaN,NaN,3328.037000000477,
cubic,7,7,248,43.861,21.93,1402,NaN,NaN,NaN,10,NaN,NaN,NaN,1106,1851,NaN,2600000.0,5120,NaN,5100000.0,NaN,NaN,NaN,151416,NaN,NaN,NaN,3359.9910000041127,
cubic,7,7,248,43.861,21.93,1402,NaN,NaN,NaN,10,NaN,NaN,NaN,1113,1864,NaN,2600000.0,5152,4,5100000.0,NaN,NaN,NaN,151416,NaN,NaN,NaN,3392.1710000038147,
cubic,7,7,248,43.861,21.93,1402,NaN,NaN,NaN,10,NaN,NaN,NaN,1119,1876,NaN,2600000.0,5180,4,5100000.0,NaN,NaN,NaN,151416,NaN,NaN,NaN,3419.997000001371,
cubic,7,7,248,43.861,21.93,1402,NaN,NaN,NaN,10,NaN,NaN,NaN,1126,1890,NaN,2600000.0,5212,NaN,5100000.0,NaN,NaN,NaN,151416,NaN,NaN,NaN,3451.9680000022054,
cubic,7,7,248,43.861,21.93,1402,NaN,NaN,NaN,10,NaN,NaN,NaN,1134,1903,NaN,2600000.0,5244,4,5100000.0,NaN,NaN,NaN,151416,NaN,NaN,NaN,3483.9790000021458,
cubic,7,7,248,43.861,21.93,1402,NaN,NaN,NaN,10,NaN,NaN,NaN,1141,1917,NaN,2600000.0,5276,4,5100000.0,NaN,NaN,NaN,151416,NaN,NaN,NaN,3516.265000000596,
cubic,7,7,248,43.861,21.93,1402,NaN,NaN,NaN,10,NaN,NaN,NaN,1148,1931,NaN,2600000.0,5308,NaN,5100000.0,NaN,NaN,NaN,151416,NaN,NaN,NaN,3547.945000000298,
cubic,7,7,248,43.861,21.93,1402,NaN,NaN,NaN,10,NaN,NaN,NaN,1156,1944,NaN,2600000.0,5340,4,5100000.0,NaN,NaN,NaN,151416,NaN,NaN,NaN,3579.9860000014305,
cubic,7,7,248,43.861,21.93,1402,NaN,NaN,NaN,10,NaN,NaN,NaN,1160,1952,NaN,2600000.0,5368,4,5100000.0,NaN,NaN,NaN,151416,NaN,NaN,NaN,3608.1759999990463,
cubic,7,7,248,43.861,21.93,1402,NaN,NaN,NaN,10,NaN,NaN,NaN,1166,1964,NaN,2600000.0,5400,4,5100000.0,NaN,NaN,NaN,151416,NaN,NaN,NaN,3639.962999999523,
cubic,7,7,248,43.861,21.93,1402,NaN,NaN,NaN,10,NaN,NaN,NaN,1171,1974,NaN,2600000.0,5428,8,5100000.0,NaN,NaN,NaN,151416,NaN,NaN,NaN,3667.892999999225,
cubic,7,7,248,43.861,21.93,1402,NaN,NaN,NaN,10,NaN,NaN,NaN,1177,1986,NaN,2600000.0,5460,4,5100000.0,NaN,NaN,NaN,151416,NaN,NaN,NaN,3700.0460000038147,
cubic,7,7,248,43.861,21.93,1402,NaN,NaN,NaN,10,NaN,NaN,NaN,1182,1996,NaN,2600000.0,5488,4,5100000.0,NaN,NaN,NaN,151416,NaN,NaN,NaN,3728.0260000005364,
cubic,7,7,248,43.861,21.93,1402,NaN,NaN,NaN,10,NaN,NaN,NaN,1188,2008,NaN,2600000.0,5520,4,5100000.0,NaN,NaN,NaN,151416,NaN,NaN,NaN,3759.8830000013113,
cubic,7,7,248,43.861,21.93,1402,NaN,NaN,NaN,10,NaN,NaN,NaN,1194,2020,NaN,2600000.0,5548,NaN,5100000.0,NaN,NaN,NaN,151416,NaN,NaN,NaN,3792.009000003338,
cubic,7,7,248,43.861,21.93,1402,NaN,NaN,NaN,10,NaN,NaN,NaN,1200,2032,NaN,2600000.0,5576,NaN,5100000.0,NaN,NaN,NaN,151416,NaN,NaN,NaN,3819.9490000009537,
cubic,7,7,248,43.861,21.93,1402,NaN,NaN,NaN,10,NaN,NaN,NaN,1205,2042,NaN,2600000.0,5608,4,5100000.0,NaN,NaN,NaN,151416,NaN,NaN,NaN,3848.2260000035167,
cubic,7,7,248,43.861,21.93,1402,NaN,NaN,NaN,10,NaN,NaN,NaN,1212,2056,NaN,2600000.0,5640,4,5100000.0,NaN,NaN,NaN,151416,NaN,NaN,NaN,3879.947000004351,
cubic,7,7,248,43.861,21.93,1402,NaN,NaN,NaN,10,NaN,NaN,NaN,1217,2066,NaN,2600000.0,5668,4,5100000.0,NaN,NaN,NaN,151416,NaN,NaN,NaN,3907.9310000017285,
cubic,7,7,248,43.861,21.93,1402,NaN,NaN,NaN,10,NaN,NaN,NaN,1223,2079,NaN,2600000.0,5696,NaN,5100000.0,NaN,NaN,NaN,151416,NaN,NaN,NaN,3940.03900000453,
cubic,7,7,248,43.861,21.93,1402,NaN,NaN,NaN,10,NaN,NaN,NaN,1229,2090,NaN,2600000.0,5724,NaN,5100000.0,NaN,NaN,NaN,151416,NaN,NaN,NaN,3967.8559999987483,
cubic,7,7,248,43.861,21.93,1402,NaN,NaN,NaN,10,NaN,NaN,NaN,1235,2102,NaN,2600000.0,5752,NaN,5100000.0,NaN,NaN,NaN,151416,NaN,NaN,NaN,3996.072999998927,
cubic,7,7,248,43.861,21.93,1402,NaN,NaN,NaN,10,NaN,NaN,NaN,1241,2114,NaN,2600000.0,5784,4,5100000.0,NaN,NaN,NaN,151416,NaN,NaN,NaN,4023.9610000029206,
cubic,7,7,248,43.861,21.93,1402,NaN,NaN,NaN,10,NaN,NaN,NaN,1247,2127,NaN,2600000.0,5812,NaN,5100000.0,NaN,NaN,NaN,151416,NaN,NaN,NaN,4051.8830000013113,
cubic,7,7,248,43.861,21.93,1402,NaN,NaN,NaN,10,NaN,NaN,NaN,1254,2140,NaN,2600000.0,5844,4,5100000.0,NaN,NaN,NaN,151416,NaN,NaN,NaN,4083.9259999990463,
cubic,7,7,248,43.861,21.93,1402,NaN,NaN,NaN,10,NaN,NaN,NaN,1261,2154,NaN,2600000.0,5876,4,5100000.0,NaN,NaN,NaN,151416,NaN,NaN,NaN,4115.872000001371,
cubic,7,7,248,43.861,21.93,1402,NaN,NaN,NaN,10,NaN,NaN,NaN,1266,2165,NaN,2600000.0,5904,4,5100000.0,NaN,NaN,NaN,151416,NaN,NaN,NaN,4143.9589999988675,
cubic,7,7,248,43.861,21.93,1402,NaN,NaN,NaN,10,NaN,NaN,NaN,1272,2177,NaN,2600000.0,5932,4,5100000.0,NaN,NaN,NaN,151416,NaN,NaN,NaN,4172.164999999106,
cubic,7,7,248,43.861,21.93,1402,NaN,NaN,NaN,10,NaN,NaN,NaN,1279,2190,NaN,2600000.0,5960,NaN,5100000.0,NaN,NaN,NaN,151416,NaN,NaN,NaN,4199.91400000453,
cubic,7,7,248,43.861,21.93,1402,NaN,NaN,NaN,10,NaN,NaN,NaN,1285,2203,NaN,2600000.0,5992,4,5100000.0,NaN,NaN,NaN,151416,NaN,NaN,NaN,4231.869000002742,
cubic,7,7,248,43.861,21.93,1402,NaN,NaN,NaN,10,NaN,NaN,NaN,1292,2217,NaN,2600000.0,6024,4,5100000.0,NaN,NaN,NaN,151416,NaN,NaN,NaN,4263.965999998152,
cubic,7,7,248,43.861,21.93,1402,NaN,NaN,NaN,10,NaN,NaN,NaN,1299,2230,NaN,2600000.0,6056,4,5100000.0,NaN,NaN,NaN,151416,NaN,NaN,NaN,4296.019000001252,
cubic,7,7,248,43.861,21.93,1402,NaN,NaN,NaN,10,NaN,NaN,NaN,1306,2244,NaN,2600000.0,6088,4,5100000.0,NaN,NaN,NaN,151416,NaN,NaN,NaN,4328.21400000155,
cubic,7,7,248,43.861,21.93,1402,NaN,NaN,NaN,10,NaN,NaN,NaN,1312,2257,NaN,2600000.0,6120,4,5100000.0,NaN,NaN,NaN,151416,NaN,NaN,NaN,4360.0289999991655,
cubic,7,7,248,43.861,21.93,1402,NaN,NaN,NaN,10,NaN,NaN,NaN,1319,2270,NaN,2600000.0,6148,NaN,5100000.0,NaN,NaN,NaN,151416,NaN,NaN,NaN,4388.024000003934,
cubic,7,7,248,43.861,21.93,1402,NaN,NaN,NaN,10,NaN,NaN,NaN,1326,2284,NaN,2600000.0,6180,NaN,5100000.0,NaN,NaN,NaN,151416,NaN,NaN,NaN,4420.015000000596,
cubic,7,7,248,43.861,21.93,1402,NaN,NaN,NaN,10,NaN,NaN,NaN,1332,2297,NaN,2600000.0,6212,4,5100000.0,NaN,NaN,NaN,151416,NaN,NaN,NaN,4451.938000001013,
cubic,7,7,248,43.861,21.93,1402,NaN,NaN,NaN,10,NaN,NaN,NaN,1339,2311,NaN,2600000.0,6244,NaN,5100000.0,NaN,NaN,NaN,151416,NaN,NaN,NaN,4484.076999999583,
cubic,7,7,248,43.861,21.93,1402,NaN,NaN,NaN,10,NaN,NaN,NaN,1346,2325,NaN,2600000.0,6276,NaN,5100000.0,NaN,NaN,NaN,151416,NaN,NaN,NaN,4516.120999999344,
cubic,7,7,248,43.861,21.93,1402,NaN,NaN,NaN,10,NaN,NaN,NaN,1352,2337,NaN,2600000.0,6308,4,5100000.0,NaN,NaN,NaN,151416,NaN,NaN,NaN,4547.984999999404,
cubic,7,7,248,43.861,21.93,1402,NaN,NaN,NaN,10,NaN,NaN,NaN,1359,2350,NaN,2600000.0,6336,NaN,5100000.0,NaN,NaN,NaN,151416,NaN,NaN,NaN,4575.962999999523,
cubic,7,7,248,43.861,21.93,1402,NaN,NaN,NaN,10,NaN,NaN,NaN,1365,2363,NaN,2600000.0,6364,NaN,5100000.0,NaN,NaN,NaN,151416,NaN,NaN,NaN,4608.0139999985695,
cubic,7,7,248,43.861,21.93,1402,NaN,NaN,NaN,10,NaN,NaN,NaN,1371,2375,NaN,2600000.0,6396,4,5100000.0,NaN,NaN,NaN,151416,NaN,NaN,NaN,4635.982000000775,
cubic,7,7,248,43.861,21.93,1402,NaN,NaN,NaN,10,NaN,NaN,NaN,1378,2388,NaN,2600000.0,6424,NaN,5100000.0,NaN,NaN,NaN,151416,NaN,NaN,NaN,4667.932999998331,
cubic,7,7,248,43.861,21.93,1402,NaN,NaN,NaN,10,NaN,NaN,NaN,1384,2401,NaN,2600000.0,6456,NaN,5100000.0,NaN,NaN,NaN,151416,NaN,NaN,NaN,4696.016000002623,
cubic,7,7,248,43.861,21.93,1402,NaN,NaN,NaN,10,NaN,NaN,NaN,1391,2414,NaN,2600000.0,6488,4,5100000.0,NaN,NaN,NaN,151416,NaN,NaN,NaN,4728.034000001848,
cubic,7,7,248,43.861,21.93,1402,NaN,NaN,NaN,10,NaN,NaN,NaN,1397,2426,NaN,2600000.0,6516,4,5100000.0,NaN,NaN,NaN,151416,NaN,NaN,NaN,4755.962999999523,
cubic,7,7,248,43.861,21.93,1402,NaN,NaN,NaN,10,NaN,NaN,NaN,1404,2440,NaN,2600000.0,6548,4,5100000.0,NaN,NaN,NaN,151416,NaN,NaN,NaN,4788.0960000008345,
cubic,7,7,248,43.861,21.93,1402,NaN,NaN,NaN,10,NaN,NaN,NaN,1412,2454,NaN,2600000.0,6580,NaN,5100000.0,NaN,NaN,NaN,151416,NaN,NaN,NaN,4820.093000002205,
cubic,7,7,248,43.861,21.93,1402,NaN,NaN,NaN,10,NaN,NaN,NaN,1418,2467,NaN,2600000.0,6612,4,5100000.0,NaN,NaN,NaN,151416,NaN,NaN,NaN,4852.17500000447,
cubic,7,7,248,43.861,21.93,1402,NaN,NaN,NaN,10,NaN,NaN,NaN,1426,2481,NaN,2600000.0,6644,NaN,5100000.0,NaN,NaN,NaN,151416,NaN,NaN,NaN,4884.02499999851,
cubic,7,7,248,43.861,21.93,1402,NaN,NaN,NaN,10,NaN,NaN,NaN,1433,2495,NaN,2600000.0,6676,NaN,5100000.0,NaN,NaN,NaN,151416,NaN,NaN,NaN,4915.984999999404,
cubic,7,7,248,43.861,21.93,1402,NaN,NaN,NaN,10,NaN,NaN,NaN,1439,2507,NaN,2600000.0,6708,4,5100000.0,NaN,NaN,NaN,151416,NaN,NaN,NaN,4947.876000002027,
cubic,7,7,248,43.861,21.93,1402,NaN,NaN,NaN,10,NaN,NaN,NaN,1445,2520,NaN,2600000.0,6740,4,5100000.0,NaN,NaN,NaN,151416,NaN,NaN,NaN,4980.0130000039935,
cubic,7,7,248,43.861,21.93,1402,NaN,NaN,NaN,10,NaN,NaN,NaN,1452,2534,NaN,2600000.0,6772,NaN,5100000.0,NaN,NaN,NaN,151416,NaN,NaN,NaN,5012.0680000036955,
cubic,7,7,248,43.861,21.93,1402,NaN,NaN,NaN,10,NaN,NaN,NaN,1459,2548,NaN,2600000.0,6804,NaN,5100000.0,NaN,NaN,NaN,151416,NaN,NaN,NaN,5044.097000002861,
cubic,7,7,248,43.861,21.93,1402,NaN,NaN,NaN,10,NaN,NaN,NaN,1466,2561,NaN,2600000.0,6836,4,5100000.0,NaN,NaN,NaN,151416,NaN,NaN,NaN,5075.918000005186,
cubic,7,7,248,43.861,21.93,1402,NaN,NaN,NaN,10,NaN,NaN,NaN,1474,2577,NaN,2600000.0,6872,NaN,5100000.0,NaN,NaN,NaN,151416,NaN,NaN,NaN,5108.421000003815,
cubic,7,7,248,43.861,21.93,1402,NaN,NaN,NaN,10,NaN,NaN,NaN,1480,2590,NaN,2600000.0,6904,4,5100000.0,NaN,NaN,NaN,151416,NaN,NaN,NaN,5144.2480000033975,
cubic,7,7,248,43.861,21.93,1402,NaN,NaN,NaN,10,NaN,NaN,NaN,1487,2604,NaN,2600000.0,6936,NaN,5100000.0,NaN,NaN,NaN,151416,NaN,NaN,NaN,5176.506999999285,
cubic,7,7,248,43.861,21.93,1402,NaN,NaN,NaN,10,NaN,NaN,NaN,1494,2617,NaN,2600000.0,6968,4,5100000.0,NaN,NaN,NaN,151416,NaN,NaN,NaN,5208.298000000417,
cubic,7,7,248,43.861,21.93,1402,NaN,NaN,NaN,10,NaN,NaN,NaN,1501,2631,NaN,2600000.0,7000,NaN,5100000.0,NaN,NaN,NaN,151416,NaN,NaN,NaN,5240.10000000149,
cubic,7,7,248,43.861,21.93,1402,NaN,NaN,NaN,10,NaN,NaN,NaN,1509,2647,NaN,2600000.0,7036,NaN,5100000.0,NaN,NaN,NaN,151416,NaN,NaN,NaN,5272.087999999523,
cubic,7,7,248,43.861,21.93,1402,NaN,NaN,NaN,10,NaN,NaN,NaN,1515,2660,NaN,2600000.0,7068,NaN,5100000.0,NaN,NaN,NaN,151416,NaN,NaN,NaN,5308.1939999982715,
cubic,7,7,248,43.861,21.93,1402,NaN,NaN,NaN,10,NaN,NaN,NaN,1522,2674,NaN,2600000.0,7100,NaN,5100000.0,NaN,NaN,NaN,151416,NaN,NaN,NaN,5340.5130000039935,
cubic,7,7,248,43.861,21.93,1402,NaN,NaN,NaN,10,NaN,NaN,NaN,1529,2687,NaN,2600000.0,7132,4,5100000.0,NaN,NaN,NaN,151416,NaN,NaN,NaN,5372.273000001907,
cubic,7,7,248,43.861,21.93,1402,NaN,NaN,NaN,10,NaN,NaN,NaN,1536,2701,NaN,2600000.0,7164,NaN,5100000.0,NaN,NaN,NaN,151416,NaN,NaN,NaN,5404.274000003934,
cubic,7,7,248,43.861,21.93,1402,NaN,NaN,NaN,10,NaN,NaN,NaN,1543,2715,NaN,2600000.0,7196,NaN,5100000.0,NaN,NaN,NaN,151416,NaN,NaN,NaN,5436.352000005543,
cubic,7,7,248,43.861,21.93,1402,NaN,NaN,NaN,10,NaN,NaN,NaN,1549,2728,NaN,2600000.0,7228,4,5100000.0,NaN,NaN,NaN,151416,NaN,NaN,NaN,5468.081000000238,
cubic,7,7,248,43.861,21.93,1402,NaN,NaN,NaN,10,NaN,NaN,NaN,1556,2742,NaN,2600000.0,7260,NaN,5100000.0,NaN,NaN,NaN,151416,NaN,NaN,NaN,5500.254000000656,
cubic,7,7,248,43.861,21.93,1402,NaN,NaN,NaN,10,NaN,NaN,NaN,1563,2755,NaN,2600000.0,7292,4,5100000.0,NaN,NaN,NaN,151416,NaN,NaN,NaN,5532.18900000304,
cubic,7,7,248,43.861,21.93,1402,NaN,NaN,NaN,10,NaN,NaN,NaN,1570,2769,NaN,2600000.0,7324,NaN,5100000.0,NaN,NaN,NaN,151416,NaN,NaN,NaN,5564.0680000036955,
cubic,7,7,248,43.861,21.93,1402,NaN,NaN,NaN,10,NaN,NaN,NaN,1577,2783,NaN,2600000.0,7356,NaN,5100000.0,NaN,NaN,NaN,151416,NaN,NaN,NaN,5596.2480000033975,
cubic,7,7,248,43.861,21.93,1402,NaN,NaN,NaN,10,NaN,NaN,NaN,1583,2796,NaN,2600000.0,7388,4,5100000.0,NaN,NaN,NaN,151416,NaN,NaN,NaN,5628.3880000039935,
cubic,7,7,248,43.861,21.93,1402,NaN,NaN,NaN,10,NaN,NaN,NaN,1590,2810,NaN,2600000.0,7420,NaN,5100000.0,NaN,NaN,NaN,151416,NaN,NaN,NaN,5660.142000004649,
cubic,7,7,248,43.861,21.93,1402,NaN,NaN,NaN,10,NaN,NaN,NaN,1597,2823,NaN,2600000.0,7452,4,5100000.0,NaN,NaN,NaN,151416,NaN,NaN,NaN,5692.092000000179,
cubic,7,7,248,43.861,21.93,1402,NaN,NaN,NaN,10,NaN,NaN,NaN,1603,2835,NaN,2600000.0,7480,4,5100000.0,NaN,NaN,NaN,151416,NaN,NaN,NaN,5720.616000004113,
cubic,7,7,248,43.861,21.93,1402,NaN,NaN,NaN,10,NaN,NaN,NaN,1610,2849,NaN,2600000.0,7512,NaN,5100000.0,NaN,NaN,NaN,151416,NaN,NaN,NaN,5752.046999998391,
cubic,7,7,248,43.861,21.93,1402,NaN,NaN,NaN,10,NaN,NaN,NaN,1617,2863,NaN,2600000.0,7544,NaN,5100000.0,NaN,NaN,NaN,151416,NaN,NaN,NaN,5784.032999999821,
cubic,7,7,248,43.861,21.93,1402,NaN,NaN,NaN,10,NaN,NaN,NaN,1623,2876,NaN,2600000.0,7576,4,5100000.0,NaN,NaN,NaN,151416,NaN,NaN,NaN,5815.907000005245,
cubic,7,7,248,43.861,21.93,1402,NaN,NaN,NaN,10,NaN,NaN,NaN,1630,2890,NaN,2600000.0,7608,NaN,5100000.0,NaN,NaN,NaN,151416,NaN,NaN,NaN,5847.954999998212,
cubic,7,7,248,43.861,21.93,1402,NaN,NaN,NaN,10,NaN,NaN,NaN,1637,2903,NaN,2600000.0,7640,4,5100000.0,NaN,NaN,NaN,151416,NaN,NaN,NaN,5880.052000001073,
cubic,7,7,248,43.861,21.93,1402,NaN,NaN,NaN,10,NaN,NaN,NaN,1644,2917,NaN,2600000.0,7672,4,5100000.0,NaN,NaN,NaN,151416,NaN,NaN,NaN,5912.157000005245,
cubic,7,7,248,43.861,21.93,1402,NaN,NaN,NaN,10,NaN,NaN,NaN,1651,2931,NaN,2600000.0,7704,NaN,5100000.0,NaN,NaN,NaN,151416,NaN,NaN,NaN,5944.219000004232,
cubic,7,7,248,43.861,21.93,1402,NaN,NaN,NaN,10,NaN,NaN,NaN,1657,2944,NaN,2600000.0,7736,4,5100000.0,NaN,NaN,NaN,151416,NaN,NaN,NaN,5976.245000004768,
cubic,7,7,248,43.861,21.93,1402,NaN,NaN,NaN,10,NaN,NaN,NaN,1664,2958,NaN,2600000.0,7768,NaN,5100000.0,NaN,NaN,NaN,151416,NaN,NaN,NaN,6008.076999999583,
cubic,7,7,248,43.861,21.93,1402,NaN,NaN,NaN,10,NaN,NaN,NaN,1671,2972,NaN,2600000.0,7800,NaN,5100000.0,NaN,NaN,NaN,151416,NaN,NaN,NaN,6040.08900000155,
cubic,7,7,248,43.861,21.93,1402,NaN,NaN,NaN,10,NaN,NaN,NaN,1678,2985,NaN,2600000.0,7832,4,5100000.0,NaN,NaN,NaN,151416,NaN,NaN,NaN,6072.042000003159,
cubic,7,7,248,43.861,21.93,1402,NaN,NaN,NaN,10,NaN,NaN,NaN,1685,2999,NaN,2600000.0,7864,NaN,5100000.0,NaN,NaN,NaN,151416,NaN,NaN,NaN,6104.102000005543,
cubic,7,7,248,43.861,21.93,1402,NaN,NaN,NaN,10,NaN,NaN,NaN,1691,3012,NaN,2600000.0,7892,NaN,5100000.0,NaN,NaN,NaN,151416,NaN,NaN,NaN,6136.015000000596,
cubic,7,7,248,43.861,21.93,1402,NaN,NaN,NaN,10,NaN,NaN,NaN,1698,3024,NaN,2600000.0,7924,4,5100000.0,NaN,NaN,NaN,151416,NaN,NaN,NaN,6163.95000000298,
cubic,7,7,248,43.861,21.93,1402,NaN,NaN,NaN,10,NaN,NaN,NaN,1705,3038,NaN,2600000.0,7956,NaN,5100000.0,NaN,NaN,NaN,151416,NaN,NaN,NaN,6195.934000000358,
cubic,7,7,248,43.861,21.93,1402,NaN,NaN,NaN,10,NaN,NaN,NaN,1712,3050,NaN,2600000.0,7984,NaN,5100000.0,NaN,NaN,NaN,151416,NaN,NaN,NaN,6223.90300000459,
cubic,7,7,248,43.861,21.93,1402,NaN,NaN,NaN,10,NaN,NaN,NaN,1718,3063,NaN,2600000.0,8016,4,5100000.0,NaN,NaN,NaN,151416,NaN,NaN,NaN,6256.006999999285,
cubic,7,7,248,43.861,21.93,1402,NaN,NaN,NaN,10,NaN,NaN,NaN,1725,3077,NaN,2600000.0,8048,4,5100000.0,NaN,NaN,NaN,151416,NaN,NaN,NaN,6288.163000002503,
cubic,7,7,248,43.861,21.93,1402,NaN,NaN,NaN,10,NaN,NaN,NaN,1731,3089,NaN,2600000.0,8076,4,5100000.0,NaN,NaN,NaN,151416,NaN,NaN,NaN,6316.054000005126,
cubic,7,7,248,43.861,21.93,1402,NaN,NaN,NaN,10,NaN,NaN,NaN,1737,3101,NaN,2600000.0,8104,4,5100000.0,NaN,NaN,NaN,151416,NaN,NaN,NaN,6343.840000003576,
cubic,7,7,248,43.861,21.93,1402,NaN,NaN,NaN,10,NaN,NaN,NaN,1744,3114,NaN,2600000.0,8136,4,5100000.0,NaN,NaN,NaN,151416,NaN,NaN,NaN,6375.885000005364,
cubic,7,7,248,43.861,21.93,1402,NaN,NaN,NaN,10,NaN,NaN,NaN,1751,3128,NaN,2600000.0,8164,NaN,5100000.0,NaN,NaN,NaN,151416,NaN,NaN,NaN,6407.972000002861,
cubic,7,7,248,43.861,21.93,1402,NaN,NaN,NaN,10,NaN,NaN,NaN,1757,3140,NaN,2600000.0,8196,4,5100000.0,NaN,NaN,NaN,151416,NaN,NaN,NaN,6435.949000000954,
cubic,7,7,248,43.861,21.93,1402,NaN,NaN,NaN,10,NaN,NaN,NaN,1764,3154,NaN,2600000.0,8228,NaN,5100000.0,NaN,NaN,NaN,151416,NaN,NaN,NaN,6468.295000001788,
cubic,7,7,248,43.861,21.93,1402,NaN,NaN,NaN,10,NaN,NaN,NaN,1771,3168,NaN,2600000.0,8260,NaN,5100000.0,NaN,NaN,NaN,151416,NaN,NaN,NaN,6500.017999999225,
cubic,7,7,248,43.861,21.93,1402,NaN,NaN,NaN,10,NaN,NaN,NaN,1777,3181,NaN,2600000.0,8292,4,5100000.0,NaN,NaN,NaN,151416,NaN,NaN,NaN,6532.053000003099,
cubic,7,7,248,43.861,21.93,1402,NaN,NaN,NaN,10,NaN,NaN,NaN,1784,3194,NaN,2600000.0,8324,4,5100000.0,NaN,NaN,NaN,151416,NaN,NaN,NaN,6563.847000002861,
cubic,7,7,248,43.861,21.93,1402,NaN,NaN,NaN,10,NaN,NaN,NaN,1791,3208,NaN,2600000.0,8356,4,5100000.0,NaN,NaN,NaN,151416,NaN,NaN,NaN,6595.984000004828,
cubic,7,7,248,43.861,21.93,1402,NaN,NaN,NaN,10,NaN,NaN,NaN,1798,3222,NaN,2600000.0,8388,NaN,5100000.0,NaN,NaN,NaN,151416,NaN,NaN,NaN,6627.988000005484,
cubic,7,7,248,43.861,21.93,1402,NaN,NaN,NaN,10,NaN,NaN,NaN,1804,3235,NaN,2600000.0,8420,4,5100000.0,NaN,NaN,NaN,151416,NaN,NaN,NaN,6660.182999998331,
cubic,7,7,248,43.861,21.93,1402,NaN,NaN,NaN,10,NaN,NaN,NaN,1811,3249,NaN,2600000.0,8452,4,5100000.0,NaN,NaN,NaN,151416,NaN,NaN,NaN,6692.219999998808,
cubic,7,7,248,43.861,21.93,1402,NaN,NaN,NaN,10,NaN,NaN,NaN,1818,3263,NaN,2600000.0,8484,NaN,5100000.0,NaN,NaN,NaN,151416,NaN,NaN,NaN,6724.017000004649,
cubic,7,7,248,43.861,21.93,1402,NaN,NaN,NaN,10,NaN,NaN,NaN,1825,3276,NaN,2600000.0,8516,4,5100000.0,NaN,NaN,NaN,151416,NaN,NaN,NaN,6756.087000004947,
cubic,7,7,248,43.861,21.93,1402,NaN,NaN,NaN,10,NaN,NaN,NaN,1832,3290,NaN,2600000.0,8548,4,5100000.0,NaN,NaN,NaN,151416,NaN,NaN,NaN,6788.05000000447,
cubic,7,7,248,43.861,21.93,1402,NaN,NaN,NaN,10,NaN,NaN,NaN,1838,3303,NaN,2600000.0,8580,4,5100000.0,NaN,NaN,NaN,151416,NaN,NaN,NaN,6819.831000000238,
cubic,7,7,248,43.861,21.93,1402,NaN,NaN,NaN,10,NaN,NaN,NaN,1844,3315,NaN,2600000.0,8608,4,5100000.0,NaN,NaN,NaN,151416,NaN,NaN,NaN,6848.065999999642,
cubic,7,7,248,43.861,21.93,1402,NaN,NaN,NaN,10,NaN,NaN,NaN,1851,3329,NaN,2600000.0,8640,4,5100000.0,NaN,NaN,NaN,151416,NaN,NaN,NaN,6879.9710000008345,
cubic,7,7,248,43.861,21.93,1402,NaN,NaN,NaN,10,NaN,NaN,NaN,1857,3341,NaN,2600000.0,8668,4,5100000.0,NaN,NaN,NaN,151416,NaN,NaN,NaN,6908.086000002921,
cubic,7,7,248,43.861,21.93,1402,NaN,NaN,NaN,10,NaN,NaN,NaN,1864,3355,NaN,2600000.0,8700,NaN,5100000.0,NaN,NaN,NaN,151416,NaN,NaN,NaN,6940.307999998331,
cubic,7,7,248,43.861,21.93,1402,NaN,NaN,NaN,10,NaN,NaN,NaN,1871,3369,NaN,2600000.0,8732,NaN,5100000.0,NaN,NaN,NaN,151416,NaN,NaN,NaN,6972.429999999702,
cubic,7,7,248,43.861,21.93,1402,NaN,NaN,NaN,10,NaN,NaN,NaN,1878,3382,NaN,2600000.0,8764,NaN,5100000.0,NaN,NaN,NaN,151416,NaN,NaN,NaN,7004.156000003219,
cubic,7,7,248,43.861,21.93,1402,NaN,NaN,NaN,10,NaN,NaN,NaN,1884,3395,NaN,2600000.0,8792,NaN,5100000.0,NaN,NaN,NaN,151416,NaN,NaN,NaN,7035.9039999991655,
cubic,7,7,248,43.861,21.93,1402,NaN,NaN,NaN,10,NaN,NaN,NaN,1890,3407,NaN,2600000.0,8820,NaN,5100000.0,NaN,NaN,NaN,151416,NaN,NaN,NaN,7064.057000003755,
cubic,7,7,248,43.861,21.93,1402,NaN,NaN,NaN,10,NaN,NaN,NaN,1896,3419,NaN,2600000.0,8848,NaN,5100000.0,NaN,NaN,NaN,151416,NaN,NaN,NaN,7092.001000002027,
cubic,7,7,248,43.861,21.93,1402,NaN,NaN,NaN,10,NaN,NaN,NaN,1902,3431,NaN,2600000.0,8880,4,5100000.0,NaN,NaN,NaN,151416,NaN,NaN,NaN,7120.054999999702,
cubic,7,7,248,43.861,21.93,1402,NaN,NaN,NaN,10,NaN,NaN,NaN,1909,3445,NaN,2600000.0,8912,NaN,5100000.0,NaN,NaN,NaN,151416,NaN,NaN,NaN,7152.081000000238,
cubic,7,7,248,43.861,21.93,1402,NaN,NaN,NaN,10,NaN,NaN,NaN,1916,3459,NaN,2600000.0,8944,NaN,5100000.0,NaN,NaN,NaN,151416,NaN,NaN,NaN,7184.179000005126,
cubic,7,7,248,43.861,21.93,1402,NaN,NaN,NaN,10,NaN,NaN,NaN,1923,3472,NaN,2600000.0,8972,NaN,5100000.0,NaN,NaN,NaN,151416,NaN,NaN,NaN,7215.982000000775,
cubic,7,7,248,43.861,21.93,1402,NaN,NaN,NaN,10,NaN,NaN,NaN,1929,3484,NaN,2600000.0,9004,4,5100000.0,NaN,NaN,NaN,151416,NaN,NaN,NaN,7244.120999999344,
cubic,7,7,248,43.861,21.93,1402,NaN,NaN,NaN,10,NaN,NaN,NaN,1935,3497,NaN,2600000.0,9036,4,5100000.0,NaN,NaN,NaN,151416,NaN,NaN,NaN,7276.104000002146,
cubic,7,7,248,43.861,21.93,1402,NaN,NaN,NaN,10,NaN,NaN,NaN,1942,3510,NaN,2600000.0,9064,NaN,5100000.0,NaN,NaN,NaN,151416,NaN,NaN,NaN,7303.990000002086,
cubic,7,7,248,43.861,21.93,1402,NaN,NaN,NaN,10,NaN,NaN,NaN,1948,3523,NaN,2600000.0,9096,4,5100000.0,NaN,NaN,NaN,151416,NaN,NaN,NaN,7335.951000005007,
cubic,7,7,248,43.861,21.93,1402,NaN,NaN,NaN,10,NaN,NaN,NaN,1955,3537,NaN,2600000.0,9128,NaN,5100000.0,NaN,NaN,NaN,151416,NaN,NaN,NaN,7368.0560000017285,
cubic,7,7,248,43.861,21.93,1402,NaN,NaN,NaN,10,NaN,NaN,NaN,1963,3550,NaN,2600000.0,9160,4,5100000.0,NaN,NaN,NaN,151416,NaN,NaN,NaN,7400.030000001192,
cubic,7,7,248,43.861,21.93,1402,NaN,NaN,NaN,10,NaN,NaN,NaN,1970,3564,NaN,2600000.0,9192,4,5100000.0,NaN,NaN,NaN,151416,NaN,NaN,NaN,7432.023000001907,
cubic,7,7,248,43.861,21.93,1402,NaN,NaN,NaN,10,NaN,NaN,NaN,1977,3578,NaN,2600000.0,9224,NaN,5100000.0,NaN,NaN,NaN,151416,NaN,NaN,NaN,7464.081000000238,
cubic,7,7,248,43.861,21.93,1402,NaN,NaN,NaN,10,NaN,NaN,NaN,1984,3591,NaN,2600000.0,9256,4,5100000.0,NaN,NaN,NaN,151416,NaN,NaN,NaN,7495.953000001609,
cubic,7,7,248,43.861,21.93,1402,NaN,NaN,NaN,10,NaN,NaN,NaN,1991,3605,NaN,2600000.0,9288,4,5100000.0,NaN,NaN,NaN,151416,NaN,NaN,NaN,7528.098999999464,
cubic,7,7,248,43.861,21.93,1402,NaN,NaN,NaN,10,NaN,NaN,NaN,1997,3617,NaN,2600000.0,9316,4,5100000.0,NaN,NaN,NaN,151416,NaN,NaN,NaN,7556.142000004649,
cubic,7,7,248,43.861,21.93,1402,NaN,NaN,NaN,10,NaN,NaN,NaN,2003,3628,NaN,2600000.0,9340,NaN,5100000.0,NaN,NaN,NaN,151416,NaN,NaN,NaN,7583.852000005543,
cubic,7,7,248,43.861,21.93,1402,NaN,NaN,NaN,10,NaN,NaN,NaN,2009,3640,NaN,2600000.0,9368,NaN,5100000.0,NaN,NaN,NaN,151416,NaN,NaN,NaN,7612.0689999982715,
cubic,7,7,248,43.861,21.93,1402,NaN,NaN,NaN,10,NaN,NaN,NaN,2015,3652,NaN,2600000.0,9400,4,5100000.0,NaN,NaN,NaN,151416,NaN,NaN,NaN,7640.053000003099,
cubic,7,7,248,43.861,21.93,1402,NaN,NaN,NaN,10,NaN,NaN,NaN,2022,3666,NaN,2600000.0,9432,4,5100000.0,NaN,NaN,NaN,151416,NaN,NaN,NaN,7672.201000005007,
cubic,7,7,248,43.861,21.93,1402,NaN,NaN,NaN,10,NaN,NaN,NaN,2029,3680,NaN,2600000.0,9464,NaN,5100000.0,NaN,NaN,NaN,151416,NaN,NaN,NaN,7703.913000002503,
cubic,7,7,248,43.861,21.93,1402,NaN,NaN,NaN,10,NaN,NaN,NaN,2035,3692,NaN,2600000.0,9492,NaN,5100000.0,NaN,NaN,NaN,151416,NaN,NaN,NaN,7731.940999999642,
cubic,7,7,248,43.861,21.93,1402,NaN,NaN,NaN,10,NaN,NaN,NaN,2040,3703,NaN,2600000.0,9516,NaN,5100000.0,NaN,NaN,NaN,151416,NaN,NaN,NaN,7759.965999998152,
cubic,7,7,248,43.861,21.93,1402,NaN,NaN,NaN,10,NaN,NaN,NaN,2047,3716,NaN,2600000.0,9548,NaN,5100000.0,NaN,NaN,NaN,151416,NaN,NaN,NaN,7788.15300000459,
cubic,7,7,248,43.861,21.93,1402,NaN,NaN,NaN,10,NaN,NaN,NaN,2053,3729,NaN,2600000.0,9580,4,5100000.0,NaN,NaN,NaN,151416,NaN,NaN,NaN,7820.0680000036955,
cubic,7,7,248,43.861,21.93,1402,NaN,NaN,NaN,10,NaN,NaN,NaN,2060,3743,NaN,2600000.0,9612,4,5100000.0,NaN,NaN,NaN,151416,NaN,NaN,NaN,7852.057999998331,
cubic,7,7,248,43.861,21.93,1402,NaN,NaN,NaN,10,NaN,NaN,NaN,2067,3757,NaN,2600000.0,9644,NaN,5100000.0,NaN,NaN,NaN,151416,NaN,NaN,NaN,7884.015000000596,
cubic,7,7,248,43.861,21.93,1402,NaN,NaN,NaN,10,NaN,NaN,NaN,2074,3770,NaN,2600000.0,9672,NaN,5100000.0,NaN,NaN,NaN,151416,NaN,NaN,NaN,7916.024000003934,
cubic,7,7,248,43.861,21.93,1402,NaN,NaN,NaN,10,NaN,NaN,NaN,2080,3782,NaN,2600000.0,9704,4,5100000.0,NaN,NaN,NaN,151416,NaN,NaN,NaN,7943.946000002325,
cubic,7,7,248,43.861,21.93,1402,NaN,NaN,NaN,10,NaN,NaN,NaN,2086,3795,NaN,2600000.0,9736,4,5100000.0,NaN,NaN,NaN,151416,NaN,NaN,NaN,7976.005000002682,
cubic,7,7,248,43.861,21.93,1402,NaN,NaN,NaN,10,NaN,NaN,NaN,2093,3808,NaN,2600000.0,9764,NaN,5100000.0,NaN,NaN,NaN,151416,NaN,NaN,NaN,8004.032999999821,
cubic,7,7,248,43.861,21.93,1402,NaN,NaN,NaN,10,NaN,NaN,NaN,2099,3821,NaN,2600000.0,9796,4,5100000.0,NaN,NaN,NaN,151416,NaN,NaN,NaN,8036.006000004709,
cubic,7,7,248,43.861,21.93,1402,NaN,NaN,NaN,10,NaN,NaN,NaN,2106,3835,NaN,2600000.0,9828,NaN,5100000.0,NaN,NaN,NaN,151416,NaN,NaN,NaN,8068.043000005186,
cubic,7,7,248,43.861,21.93,1402,NaN,NaN,NaN,10,NaN,NaN,NaN,2113,3848,NaN,2600000.0,9860,4,5100000.0,NaN,NaN,NaN,151416,NaN,NaN,NaN,8099.8730000033975,
cubic,7,7,248,43.861,21.93,1402,NaN,NaN,NaN,10,NaN,NaN,NaN,2119,3860,NaN,2600000.0,9888,4,5100000.0,NaN,NaN,NaN,151416,NaN,NaN,NaN,8128.10000000149,
cubic,7,7,248,43.861,21.93,1402,NaN,NaN,NaN,10,NaN,NaN,NaN,2126,3874,NaN,2600000.0,9920,4,5100000.0,NaN,NaN,NaN,151416,NaN,NaN,NaN,8160.052000001073,
cubic,7,7,248,43.861,21.93,1402,NaN,NaN,NaN,10,NaN,NaN,NaN,2132,3886,NaN,2600000.0,9948,4,5100000.0,NaN,NaN,NaN,151416,NaN,NaN,NaN,8188.098999999464,
cubic,7,7,248,43.861,21.93,1402,NaN,NaN,NaN,10,NaN,NaN,NaN,2139,3900,NaN,2600000.0,9980,NaN,5100000.0,NaN,NaN,NaN,151416,NaN,NaN,NaN,8220.148000001907,
cubic,7,7,248,43.861,21.93,1402,NaN,NaN,NaN,10,NaN,NaN,NaN,2145,3913,NaN,2600000.0,10012,4,5100000.0,NaN,NaN,NaN,151416,NaN,NaN,NaN,8252.087999999523,
cubic,7,7,248,43.861,21.93,1402,NaN,NaN,NaN,10,NaN,NaN,NaN,2152,3926,NaN,2600000.0,10040,NaN,5100000.0,NaN,NaN,NaN,151416,NaN,NaN,NaN,8284.035000003874,
cubic,7,7,248,43.861,21.93,1402,NaN,NaN,NaN,10,NaN,NaN,NaN,2158,3938,NaN,2600000.0,10072,4,5100000.0,NaN,NaN,NaN,151416,NaN,NaN,NaN,8312.133000001311,
cubic,7,7,248,43.861,21.93,1402,NaN,NaN,NaN,10,NaN,NaN,NaN,2164,3951,NaN,2600000.0,10100,NaN,5100000.0,NaN,NaN,NaN,151416,NaN,NaN,NaN,8340.087000004947,
cubic,7,7,248,43.861,21.93,1402,NaN,NaN,NaN,10,NaN,NaN,NaN,2171,3964,NaN,2600000.0,10132,4,5100000.0,NaN,NaN,NaN,151416,NaN,NaN,NaN,8372.079999998212,
cubic,7,7,248,43.861,21.93,1402,NaN,NaN,NaN,10,NaN,NaN,NaN,2178,3978,NaN,2600000.0,10164,4,5100000.0,NaN,NaN,NaN,151416,NaN,NaN,NaN,8404.038000002503,
cubic,7,7,248,43.861,21.93,1402,NaN,NaN,NaN,10,NaN,NaN,NaN,2185,3992,NaN,2600000.0,10196,NaN,5100000.0,NaN,NaN,NaN,151416,NaN,NaN,NaN,8436.119000002742,
cubic,7,7,248,43.861,21.93,1402,NaN,NaN,NaN,10,NaN,NaN,NaN,2191,4005,NaN,2600000.0,10228,4,5100000.0,NaN,NaN,NaN,151416,NaN,NaN,NaN,8467.924000002444,
cubic,7,7,248,43.861,21.93,1402,NaN,NaN,NaN,10,NaN,NaN,NaN,2197,4017,NaN,2600000.0,10256,4,5100000.0,NaN,NaN,NaN,151416,NaN,NaN,NaN,8496.081000000238,
cubic,7,7,248,43.861,21.93,1402,NaN,NaN,NaN,10,NaN,NaN,NaN,2204,4030,NaN,2600000.0,10284,NaN,5100000.0,NaN,NaN,NaN,151416,NaN,NaN,NaN,8527.925999999046,
cubic,7,7,248,43.861,21.93,1402,NaN,NaN,NaN,10,NaN,NaN,NaN,2210,4043,NaN,2600000.0,10316,NaN,5100000.0,NaN,NaN,NaN,151416,NaN,NaN,NaN,8556.057999998331,
cubic,7,7,248,43.861,21.93,1402,NaN,NaN,NaN,10,NaN,NaN,NaN,2217,4056,NaN,2600000.0,10348,4,5100000.0,NaN,NaN,NaN,151416,NaN,NaN,NaN,8587.932000003755,
cubic,7,7,248,43.861,21.93,1402,NaN,NaN,NaN,10,NaN,NaN,NaN,2224,4070,NaN,2600000.0,10380,NaN,5100000.0,NaN,NaN,NaN,151416,NaN,NaN,NaN,8619.929999999702,
cubic,7,7,248,43.861,21.93,1402,NaN,NaN,NaN,10,NaN,NaN,NaN,2231,4083,NaN,2600000.0,10408,NaN,5100000.0,NaN,NaN,NaN,151416,NaN,NaN,NaN,8652.13599999994,
cubic,7,7,248,43.861,21.93,1402,NaN,NaN,NaN,10,NaN,NaN,NaN,2237,4095,NaN,2600000.0,10440,4,5100000.0,NaN,NaN,NaN,151416,NaN,NaN,NaN,8679.960000000894,
cubic,7,7,248,43.861,21.93,1402,NaN,NaN,NaN,10,NaN,NaN,NaN,2243,4107,NaN,2600000.0,10464,NaN,5100000.0,NaN,NaN,NaN,151416,NaN,NaN,NaN,8708.02499999851,
cubic,7,7,248,43.861,21.93,1402,NaN,NaN,NaN,10,NaN,NaN,NaN,2249,4119,NaN,2600000.0,10496,4,5100000.0,NaN,NaN,NaN,151416,NaN,NaN,NaN,8735.943000003695,
cubic,7,7,248,43.861,21.93,1402,NaN,NaN,NaN,10,NaN,NaN,NaN,2256,4133,NaN,2600000.0,10528,4,5100000.0,NaN,NaN,NaN,151416,NaN,NaN,NaN,8767.984000004828,
cubic,7,7,248,43.861,21.93,1402,NaN,NaN,NaN,10,NaN,NaN,NaN,2263,4146,NaN,2600000.0,10556,NaN,5100000.0,NaN,NaN,NaN,151416,NaN,NaN,NaN,8799.81100000441,
cubic,7,7,248,43.861,21.93,1402,NaN,NaN,NaN,10,NaN,NaN,NaN,2269,4158,NaN,2600000.0,10588,4,5100000.0,NaN,NaN,NaN,151416,NaN,NaN,NaN,8828.129000000656,
cubic,7,7,248,43.861,21.93,1402,NaN,NaN,NaN,10,NaN,NaN,NaN,2276,4172,NaN,2600000.0,10620,4,5100000.0,NaN,NaN,NaN,151416,NaN,NaN,NaN,8859.921000003815,
cubic,7,7,248,43.861,21.93,1402,NaN,NaN,NaN,10,NaN,NaN,NaN,2282,4185,NaN,2600000.0,10652,4,5100000.0,NaN,NaN,NaN,151416,NaN,NaN,NaN,8892.043000005186,
cubic,7,7,248,43.861,21.93,1402,NaN,NaN,NaN,10,NaN,NaN,NaN,2288,4197,NaN,2600000.0,10680,4,5100000.0,NaN,NaN,NaN,151416,NaN,NaN,NaN,8920.045000001788,
cubic,7,7,248,43.861,21.93,1402,NaN,NaN,NaN,10,NaN,NaN,NaN,2296,4212,NaN,2600000.0,10712,NaN,5100000.0,NaN,NaN,NaN,151416,NaN,NaN,NaN,8952.204999998212,
cubic,7,7,248,43.861,21.93,1402,NaN,NaN,NaN,10,NaN,NaN,NaN,2302,4225,NaN,2600000.0,10744,NaN,5100000.0,NaN,NaN,NaN,151416,NaN,NaN,NaN,8984.160000003874,
cubic,7,7,248,43.861,21.93,1402,NaN,NaN,NaN,10,NaN,NaN,NaN,2309,4238,NaN,2600000.0,10776,4,5100000.0,NaN,NaN,NaN,151416,NaN,NaN,NaN,9016.151000000536,
cubic,7,7,248,43.861,21.93,1402,NaN,NaN,NaN,10,NaN,NaN,NaN,2316,4252,NaN,2600000.0,10808,4,5100000.0,NaN,NaN,NaN,151416,NaN,NaN,NaN,9048.085000000894,
cubic,7,7,248,43.861,21.93,1402,NaN,NaN,NaN,10,NaN,NaN,NaN,2322,4264,NaN,2600000.0,10836,4,5100000.0,NaN,NaN,NaN,151416,NaN,NaN,NaN,9075.98600000143,
cubic,7,7,248,43.861,21.93,1402,NaN,NaN,NaN,10,NaN,NaN,NaN,2328,4276,NaN,2600000.0,10864,4,5100000.0,NaN,NaN,NaN,151416,NaN,NaN,NaN,9104.027000002563,
cubic,7,7,248,43.861,21.93,1402,NaN,NaN,NaN,10,NaN,NaN,NaN,2334,4289,NaN,2600000.0,10896,4,5100000.0,NaN,NaN,NaN,151416,NaN,NaN,NaN,9135.924000002444,
cubic,7,7,248,43.861,21.93,1402,NaN,NaN,NaN,10,NaN,NaN,NaN,2340,4301,NaN,2600000.0,10924,4,5100000.0,NaN,NaN,NaN,151416,NaN,NaN,NaN,9163.894000001252,
cubic,7,7,248,43.861,21.93,1402,NaN,NaN,NaN,10,NaN,NaN,NaN,2347,4314,NaN,2600000.0,10952,NaN,5100000.0,NaN,NaN,NaN,151416,NaN,NaN,NaN,9191.91099999845,
cubic,7,7,248,43.861,21.93,1402,NaN,NaN,NaN,10,NaN,NaN,NaN,2353,4327,NaN,2600000.0,10984,4,5100000.0,NaN,NaN,NaN,151416,NaN,NaN,NaN,9223.9280000031,
cubic,7,7,248,43.861,21.93,1402,NaN,NaN,NaN,10,NaN,NaN,NaN,2359,4339,NaN,2600000.0,11012,4,5100000.0,NaN,NaN,NaN,151416,NaN,NaN,NaN,9252.318000003695,
cubic,7,7,248,43.861,21.93,1402,NaN,NaN,NaN,10,NaN,NaN,NaN,2366,4352,NaN,2600000.0,11040,NaN,5100000.0,NaN,NaN,NaN,151416,NaN,NaN,NaN,9284.115000002086,
cubic,7,7,248,43.861,21.93,1402,NaN,NaN,NaN,10,NaN,NaN,NaN,2372,4364,NaN,2600000.0,11072,4,5100000.0,NaN,NaN,NaN,151416,NaN,NaN,NaN,9311.912000000477,
cubic,7,7,248,43.861,21.93,1402,NaN,NaN,NaN,10,NaN,NaN,NaN,2378,4377,NaN,2600000.0,11100,NaN,5100000.0,NaN,NaN,NaN,151416,NaN,NaN,NaN,9339.97500000149,
cubic,7,7,248,43.861,21.93,1402,NaN,NaN,NaN,10,NaN,NaN,NaN,2385,4390,NaN,2600000.0,11132,4,5100000.0,NaN,NaN,NaN,151416,NaN,NaN,NaN,9371.98900000006,
cubic,7,7,248,43.861,21.93,1402,NaN,NaN,NaN,10,NaN,NaN,NaN,2391,4403,NaN,2600000.0,11160,NaN,5100000.0,NaN,NaN,NaN,151416,NaN,NaN,NaN,9403.971000000834,
cubic,7,7,248,43.861,21.93,1402,NaN,NaN,NaN,10,NaN,NaN,NaN,2398,4416,NaN,2600000.0,11192,NaN,5100000.0,NaN,NaN,NaN,151416,NaN,NaN,NaN,9432.126000002027,
cubic,7,7,248,43.861,21.93,1402,NaN,NaN,NaN,10,NaN,NaN,NaN,2404,4429,NaN,2600000.0,11224,4,5100000.0,NaN,NaN,NaN,151416,NaN,NaN,NaN,9464.015000000596,
cubic,7,7,248,43.861,21.93,1402,NaN,NaN,NaN,10,NaN,NaN,NaN,2411,4443,NaN,2600000.0,11256,NaN,5100000.0,NaN,NaN,NaN,151416,NaN,NaN,NaN,9496.204000003636,
cubic,7,7,248,43.861,21.93,1402,NaN,NaN,NaN,10,NaN,NaN,NaN,2418,4456,NaN,2600000.0,11288,4,5100000.0,NaN,NaN,NaN,151416,NaN,NaN,NaN,9527.958000004292,
cubic,7,7,248,43.861,21.93,1402,NaN,NaN,NaN,10,NaN,NaN,NaN,2425,4470,NaN,2600000.0,11320,4,5100000.0,NaN,NaN,NaN,151416,NaN,NaN,NaN,9560.105999998748,
cubic,7,7,248,43.861,21.93,1402,NaN,NaN,NaN,10,NaN,NaN,NaN,2432,4484,NaN,2600000.0,11352,NaN,5100000.0,NaN,NaN,NaN,151416,NaN,NaN,NaN,9592.02800000459,
cubic,7,7,248,43.861,21.93,1402,NaN,NaN,NaN,10,NaN,NaN,NaN,2438,4497,NaN,2600000.0,11384,4,5100000.0,NaN,NaN,NaN,151416,NaN,NaN,NaN,9624.035000003874,
cubic,7,7,248,43.861,21.93,1402,NaN,NaN,NaN,10,NaN,NaN,NaN,2445,4511,NaN,2600000.0,11416,4,5100000.0,NaN,NaN,NaN,151416,NaN,NaN,NaN,9656.153999999166,
cubic,7,7,248,43.861,21.93,1402,NaN,NaN,NaN,10,NaN,NaN,NaN,2452,4524,NaN,2600000.0,11448,4,5100000.0,NaN,NaN,NaN,151416,NaN,NaN,NaN,9687.96400000155,
cubic,7,7,248,43.861,21.93,1402,NaN,NaN,NaN,10,NaN,NaN,NaN,2458,4536,NaN,2600000.0,11476,4,5100000.0,NaN,NaN,NaN,151416,NaN,NaN,NaN,9716.026000000536,
cubic,7,7,248,43.861,21.93,1402,NaN,NaN,NaN,10,NaN,NaN,NaN,2465,4551,NaN,2600000.0,11508,NaN,5100000.0,NaN,NaN,NaN,151416,NaN,NaN,NaN,9748.079999998212,
cubic,7,7,248,43.861,21.93,1402,NaN,NaN,NaN,10,NaN,NaN,NaN,2472,4564,NaN,2600000.0,11540,NaN,5100000.0,NaN,NaN,NaN,151416,NaN,NaN,NaN,9780.065999999642,
cubic,7,7,248,43.861,21.93,1402,NaN,NaN,NaN,10,NaN,NaN,NaN,2478,4577,NaN,2600000.0,11572,4,5100000.0,NaN,NaN,NaN,151416,NaN,NaN,NaN,9812.21400000155,
cubic,7,7,248,43.861,21.93,1402,NaN,NaN,NaN,10,NaN,NaN,NaN,2484,4589,NaN,2600000.0,11600,4,5100000.0,NaN,NaN,NaN,151416,NaN,NaN,NaN,9840.130000002682,
cubic,7,7,248,43.861,21.93,1402,NaN,NaN,NaN,10,NaN,NaN,NaN,2491,4603,NaN,2600000.0,11632,4,5100000.0,NaN,NaN,NaN,151416,NaN,NaN,NaN,9872.027000002563,
cubic,7,7,248,43.861,21.93,1402,NaN,NaN,NaN,10,NaN,NaN,NaN,2498,4616,NaN,2600000.0,11664,4,5100000.0,NaN,NaN,NaN,151416,NaN,NaN,NaN,9904.016000002623,
cubic,7,7,248,43.861,21.93,1402,NaN,NaN,NaN,10,NaN,NaN,NaN,2505,4630,NaN,2600000.0,11696,4,5100000.0,NaN,NaN,NaN,151416,NaN,NaN,NaN,9936.009000003338,
cubic,7,7,248,43.861,21.93,1402,NaN,NaN,NaN,10,NaN,NaN,NaN,2512,4644,NaN,2600000.0,11728,NaN,5100000.0,NaN,NaN,NaN,151416,NaN,NaN,NaN,9968.181000001729,
cubic,7,7,248,43.861,21.93,1402,NaN,NaN,NaN,10,NaN,NaN,NaN,2518,4657,NaN,2600000.0,11760,4,5100000.0,NaN,NaN,NaN,151416,NaN,NaN,NaN,9999.82500000298,
cubic,7,7,248,43.861,21.93,1402,NaN,NaN,NaN,10,NaN,NaN,NaN,2525,4671,NaN,2600000.0,11792,4,5100000.0,NaN,NaN,NaN,151416,NaN,NaN,NaN,10031.998000003397,
cubic,7,7,248,43.861,21.93,1402,NaN,NaN,NaN,10,NaN,NaN,NaN,2532,4685,NaN,2600000.0,11824,NaN,5100000.0,NaN,NaN,NaN,151416,NaN,NaN,NaN,10064.03900000453,
cubic,7,7,248,43.861,21.93,1402,NaN,NaN,NaN,10,NaN,NaN,NaN,2539,4698,NaN,2600000.0,11856,4,5100000.0,NaN,NaN,NaN,151416,NaN,NaN,NaN,10096.039999999106,
cubic,7,7,248,43.861,21.93,1402,NaN,NaN,NaN,10,NaN,NaN,NaN,2546,4712,NaN,2600000.0,11888,4,5100000.0,NaN,NaN,NaN,151416,NaN,NaN,NaN,10128.098999999464,
cubic,7,7,248,43.861,21.93,1402,NaN,NaN,NaN,10,NaN,NaN,NaN,2553,4724,NaN,2600000.0,11916,NaN,5100000.0,NaN,NaN,NaN,151416,NaN,NaN,NaN,10156.10300000012,
cubic,7,7,248,43.861,21.93,1402,NaN,NaN,NaN,10,NaN,NaN,NaN,2559,4736,NaN,2600000.0,11944,NaN,5100000.0,NaN,NaN,NaN,151416,NaN,NaN,NaN,10183.940999999642,
cubic,7,7,248,43.861,21.93,1402,NaN,NaN,NaN,10,NaN,NaN,NaN,2566,4749,NaN,2600000.0,11976,4,5100000.0,NaN,NaN,NaN,151416,NaN,NaN,NaN,10215.967000000179,
cubic,7,7,248,43.861,21.93,1402,NaN,NaN,NaN,10,NaN,NaN,NaN,2572,4761,NaN,2600000.0,12004,4,5100000.0,NaN,NaN,NaN,151416,NaN,NaN,NaN,10244.006000004709,
cubic,7,7,248,43.861,21.93,1402,NaN,NaN,NaN,10,NaN,NaN,NaN,2578,4773,NaN,2600000.0,12028,NaN,5100000.0,NaN,NaN,NaN,151416,NaN,NaN,NaN,10272.085000000894,
cubic,7,7,248,43.861,21.93,1402,NaN,NaN,NaN,10,NaN,NaN,NaN,2584,4785,NaN,2600000.0,12060,4,5100000.0,NaN,NaN,NaN,151416,NaN,NaN,NaN,10300.019000001252,
cubic,7,7,248,43.861,21.93,1402,NaN,NaN,NaN,10,NaN,NaN,NaN,2590,4797,NaN,2600000.0,12088,4,5100000.0,NaN,NaN,NaN,151416,NaN,NaN,NaN,10328.030000001192,
cubic,7,7,248,43.861,21.93,1402,NaN,NaN,NaN,10,NaN,NaN,NaN,2597,4810,NaN,2600000.0,12120,4,5100000.0,NaN,NaN,NaN,151416,NaN,NaN,NaN,10360.186999998987,
cubic,7,7,248,43.861,21.93,1402,NaN,NaN,NaN,10,NaN,NaN,NaN,2603,4823,NaN,2600000.0,12148,NaN,5100000.0,NaN,NaN,NaN,151416,NaN,NaN,NaN,10388.226000003517,
cubic,7,7,248,43.861,21.93,1402,NaN,NaN,NaN,10,NaN,NaN,NaN,2610,4836,NaN,2600000.0,12176,NaN,5100000.0,NaN,NaN,NaN,151416,NaN,NaN,NaN,10419.918999999762,
cubic,7,7,248,43.861,21.93,1402,NaN,NaN,NaN,10,NaN,NaN,NaN,2616,4848,NaN,2600000.0,12208,4,5100000.0,NaN,NaN,NaN,151416,NaN,NaN,NaN,10447.880000002682,
cubic,7,7,248,43.861,21.93,1402,NaN,NaN,NaN,10,NaN,NaN,NaN,2622,4860,NaN,2600000.0,12236,4,5100000.0,NaN,NaN,NaN,151416,NaN,NaN,NaN,10475.852000005543,
cubic,7,7,248,43.861,21.93,1402,NaN,NaN,NaN,10,NaN,NaN,NaN,2629,4874,NaN,2600000.0,12268,NaN,5100000.0,NaN,NaN,NaN,151416,NaN,NaN,NaN,10507.844999998808,
cubic,7,7,248,43.861,21.93,1402,NaN,NaN,NaN,10,NaN,NaN,NaN,2636,4888,NaN,2600000.0,12300,NaN,5100000.0,NaN,NaN,NaN,151416,NaN,NaN,NaN,10540.179000005126,
cubic,7,7,248,43.861,21.93,1402,NaN,NaN,NaN,10,NaN,NaN,NaN,2642,4900,NaN,2600000.0,12328,NaN,5100000.0,NaN,NaN,NaN,151416,NaN,NaN,NaN,10572.042000003159,
cubic,7,7,248,43.861,21.93,1402,NaN,NaN,NaN,10,NaN,NaN,NaN,2648,4912,NaN,2600000.0,12356,NaN,5100000.0,NaN,NaN,NaN,151416,NaN,NaN,NaN,10599.881999999285,
cubic,7,7,248,43.861,21.93,1402,NaN,NaN,NaN,10,NaN,NaN,NaN,2654,4924,NaN,2600000.0,12384,NaN,5100000.0,NaN,NaN,NaN,151416,NaN,NaN,NaN,10627.954999998212,
cubic,7,7,248,43.861,21.93,1402,NaN,NaN,NaN,10,NaN,NaN,NaN,2660,4936,NaN,2600000.0,12416,4,5100000.0,NaN,NaN,NaN,151416,NaN,NaN,NaN,10655.844999998808,
cubic,7,7,248,43.861,21.93,1402,NaN,NaN,NaN,10,NaN,NaN,NaN,2666,4949,NaN,2600000.0,12444,NaN,5100000.0,NaN,NaN,NaN,151416,NaN,NaN,NaN,10684.032000005245,
cubic,7,7,248,43.861,21.93,1402,NaN,NaN,NaN,10,NaN,NaN,NaN,2673,4962,NaN,2600000.0,12476,4,5100000.0,NaN,NaN,NaN,151416,NaN,NaN,NaN,10716.234000004828,
cubic,7,7,248,43.861,21.93,1402,NaN,NaN,NaN,10,NaN,NaN,NaN,2679,4974,NaN,2600000.0,12500,NaN,5100000.0,NaN,NaN,NaN,151416,NaN,NaN,NaN,10744.144000001252,
cubic,7,7,248,43.861,21.93,1402,NaN,NaN,NaN,10,NaN,NaN,NaN,2685,4986,NaN,2600000.0,12532,4,5100000.0,NaN,NaN,NaN,151416,NaN,NaN,NaN,10772.012000001967,
cubic,7,7,248,43.861,21.93,1402,NaN,NaN,NaN,10,NaN,NaN,NaN,2692,5000,NaN,2600000.0,12564,NaN,5100000.0,NaN,NaN,NaN,151416,NaN,NaN,NaN,10804.070000000298,
cubic,7,7,248,43.861,21.93,1402,NaN,NaN,NaN,10,NaN,NaN,NaN,2699,5014,NaN,2600000.0,12596,NaN,5100000.0,NaN,NaN,NaN,151416,NaN,NaN,NaN,10836.043999999762,
cubic,7,7,248,43.861,21.93,1402,NaN,NaN,NaN,10,NaN,NaN,NaN,2705,5027,NaN,2600000.0,12628,4,5100000.0,NaN,NaN,NaN,151416,NaN,NaN,NaN,10868.131000004709,
cubic,7,7,248,43.861,21.93,1402,NaN,NaN,NaN,10,NaN,NaN,NaN,2712,5040,NaN,2600000.0,12660,4,5100000.0,NaN,NaN,NaN,151416,NaN,NaN,NaN,10900.108000002801,
cubic,7,7,248,43.861,21.93,1402,NaN,NaN,NaN,10,NaN,NaN,NaN,2719,5053,NaN,2600000.0,12688,NaN,5100000.0,NaN,NaN,NaN,151416,NaN,NaN,NaN,10927.910000003874,
cubic,7,7,248,43.861,21.93,1402,NaN,NaN,NaN,10,NaN,NaN,NaN,2726,5066,NaN,2600000.0,12720,4,5100000.0,NaN,NaN,NaN,151416,NaN,NaN,NaN,10959.972000002861,
cubic,7,7,248,43.861,21.93,1402,NaN,NaN,NaN,10,NaN,NaN,NaN,2734,5080,NaN,2600000.0,12752,NaN,5100000.0,NaN,NaN,NaN,151416,NaN,NaN,NaN,10991.906000003219,
cubic,7,7,248,43.861,21.93,1402,NaN,NaN,NaN,10,NaN,NaN,NaN,2741,5094,NaN,2600000.0,12784,NaN,5100000.0,NaN,NaN,NaN,151416,NaN,NaN,NaN,11024.01399999857,
cubic,7,7,248,43.861,21.93,1402,NaN,NaN,NaN,10,NaN,NaN,NaN,2747,5107,NaN,2600000.0,12816,4,5100000.0,NaN,NaN,NaN,151416,NaN,NaN,NaN,11056.109999999404,
cubic,7,7,248,43.861,21.93,1402,NaN,NaN,NaN,10,NaN,NaN,NaN,2753,5119,NaN,2600000.0,12844,4,5100000.0,NaN,NaN,NaN,151416,NaN,NaN,NaN,11084.001000002027,
cubic,7,7,248,43.861,21.93,1402,NaN,NaN,NaN,10,NaN,NaN,NaN,2760,5133,NaN,2600000.0,12876,NaN,5100000.0,NaN,NaN,NaN,151416,NaN,NaN,NaN,11115.977000005543,
cubic,7,7,248,43.861,21.93,1402,NaN,NaN,NaN,10,NaN,NaN,NaN,2767,5146,NaN,2600000.0,12908,4,5100000.0,NaN,NaN,NaN,151416,NaN,NaN,NaN,11147.976000003517,
cubic,7,7,248,43.861,21.93,1402,NaN,NaN,NaN,10,NaN,NaN,NaN,2773,5159,NaN,2600000.0,12940,4,5100000.0,NaN,NaN,NaN,151416,NaN,NaN,NaN,11180.016000002623,
cubic,7,7,248,43.861,21.93,1402,NaN,NaN,NaN,10,NaN,NaN,NaN,2780,5172,NaN,2600000.0,12968,NaN,5100000.0,NaN,NaN,NaN,151416,NaN,NaN,NaN,11208.057999998331,
cubic,7,7,248,43.861,21.93,1402,NaN,NaN,NaN,10,NaN,NaN,NaN,2787,5186,NaN,2600000.0,13000,NaN,5100000.0,NaN,NaN,NaN,151416,NaN,NaN,NaN,11241.072000004351,
cubic,7,7,248,43.861,21.93,1402,NaN,NaN,NaN,10,NaN,NaN,NaN,2793,5199,NaN,2600000.0,13032,4,5100000.0,NaN,NaN,NaN,151416,NaN,NaN,NaN,11272.184000000358,
cubic,7,7,248,43.861,21.93,1402,NaN,NaN,NaN,10,NaN,NaN,NaN,2800,5213,NaN,2600000.0,13064,NaN,5100000.0,NaN,NaN,NaN,151416,NaN,NaN,NaN,11304.135000005364,
cubic,7,7,248,43.861,21.93,1402,NaN,NaN,NaN,10,NaN,NaN,NaN,2807,5226,NaN,2600000.0,13096,4,5100000.0,NaN,NaN,NaN,151416,NaN,NaN,NaN,11336.050999999046,
cubic,7,7,248,43.861,21.93,1402,NaN,NaN,NaN,10,NaN,NaN,NaN,2814,5240,NaN,2600000.0,13128,NaN,5100000.0,NaN,NaN,NaN,151416,NaN,NaN,NaN,11368.155000001192,
cubic,7,7,248,43.861,21.93,1402,NaN,NaN,NaN,10,NaN,NaN,NaN,2820,5253,NaN,2600000.0,13160,4,5100000.0,NaN,NaN,NaN,151416,NaN,NaN,NaN,11399.917000003159,
cubic,7,7,248,43.861,21.93,1402,NaN,NaN,NaN,10,NaN,NaN,NaN,2827,5267,NaN,2600000.0,13192,4,5100000.0,NaN,NaN,NaN,151416,NaN,NaN,NaN,11432.116999998689,
cubic,7,7,248,43.861,21.93,1402,NaN,NaN,NaN,10,NaN,NaN,NaN,2834,5281,NaN,2600000.0,13224,NaN,5100000.0,NaN,NaN,NaN,151416,NaN,NaN,NaN,11463.98900000006,
cubic,7,7,248,43.861,21.93,1402,NaN,NaN,NaN,10,NaN,NaN,NaN,2841,5294,NaN,2600000.0,13256,4,5100000.0,NaN,NaN,NaN,151416,NaN,NaN,NaN,11495.995000004768,
cubic,7,7,248,43.861,21.93,1402,NaN,NaN,NaN,10,NaN,NaN,NaN,2848,5308,NaN,2600000.0,13288,4,5100000.0,NaN,NaN,NaN,151416,NaN,NaN,NaN,11528.192000001669,
cubic,7,7,248,43.861,21.93,1402,NaN,NaN,NaN,10,NaN,NaN,NaN,2854,5321,NaN,2600000.0,13316,NaN,5100000.0,NaN,NaN,NaN,151416,NaN,NaN,NaN,11559.936999998987,
cubic,7,7,248,43.861,21.93,1402,NaN,NaN,NaN,10,NaN,NaN,NaN,2860,5333,NaN,2600000.0,13348,4,5100000.0,NaN,NaN,NaN,151416,NaN,NaN,NaN,11588.035000003874,
cubic,7,7,248,43.861,21.93,1402,NaN,NaN,NaN,10,NaN,NaN,NaN,2868,5349,NaN,2600000.0,13384,NaN,5100000.0,NaN,NaN,NaN,151416,NaN,NaN,NaN,11620.01700000465,
cubic,7,7,248,43.861,21.93,1402,NaN,NaN,NaN,10,NaN,NaN,NaN,2875,5363,NaN,2600000.0,13416,NaN,5100000.0,NaN,NaN,NaN,151416,NaN,NaN,NaN,11655.954999998212,
cubic,7,7,248,43.861,21.93,1402,NaN,NaN,NaN,10,NaN,NaN,NaN,2882,5376,NaN,2600000.0,13448,4,5100000.0,NaN,NaN,NaN,151416,NaN,NaN,NaN,11688.201000005007,
cubic,7,7,248,43.861,21.93,1402,NaN,NaN,NaN,10,NaN,NaN,NaN,2889,5390,NaN,2600000.0,13480,NaN,5100000.0,NaN,NaN,NaN,151416,NaN,NaN,NaN,11720.14699999988,
cubic,7,7,248,43.861,21.93,1402,NaN,NaN,NaN,10,NaN,NaN,NaN,2896,5404,NaN,2600000.0,13512,NaN,5100000.0,NaN,NaN,NaN,151416,NaN,NaN,NaN,11751.927000001073,
cubic,7,7,248,43.861,21.93,1402,NaN,NaN,NaN,10,NaN,NaN,NaN,2902,5417,NaN,2600000.0,13544,4,5100000.0,NaN,NaN,NaN,151416,NaN,NaN,NaN,11784.002000004053,
cubic,7,7,248,43.861,21.93,1402,NaN,NaN,NaN,10,NaN,NaN,NaN,2908,5429,NaN,2600000.0,13572,4,5100000.0,NaN,NaN,NaN,151416,NaN,NaN,NaN,11812.031000003219,
cubic,7,7,248,43.861,21.93,1402,NaN,NaN,NaN,10,NaN,NaN,NaN,2915,5442,NaN,2600000.0,13600,NaN,5100000.0,NaN,NaN,NaN,151416,NaN,NaN,NaN,11844.057000003755,
cubic,7,7,248,43.861,21.93,1402,NaN,NaN,NaN,10,NaN,NaN,NaN,2921,5454,NaN,2600000.0,13628,NaN,5100000.0,NaN,NaN,NaN,151416,NaN,NaN,NaN,11871.951999999583,
cubic,7,7,248,43.861,21.93,1402,NaN,NaN,NaN,10,NaN,NaN,NaN,2927,5466,NaN,2600000.0,13660,4,5100000.0,NaN,NaN,NaN,151416,NaN,NaN,NaN,11899.880000002682,
cubic,7,7,248,43.861,21.93,1402,NaN,NaN,NaN,10,NaN,NaN,NaN,2933,5478,NaN,2600000.0,13688,4,5100000.0,NaN,NaN,NaN,151416,NaN,NaN,NaN,11928.028999999166,
cubic,7,7,248,43.861,21.93,1402,NaN,NaN,NaN,10,NaN,NaN,NaN,2939,5490,NaN,2600000.0,13716,4,5100000.0,NaN,NaN,NaN,151416,NaN,NaN,NaN,11955.931000001729,
cubic,7,7,248,43.861,21.93,1402,NaN,NaN,NaN,10,NaN,NaN,NaN,2945,5503,NaN,2600000.0,13748,4,5100000.0,NaN,NaN,NaN,151416,NaN,NaN,NaN,11987.990000002086,
cubic,7,7,248,43.861,21.93,1402,NaN,NaN,NaN,10,NaN,NaN,NaN,2952,5516,NaN,2600000.0,13776,NaN,5100000.0,NaN,NaN,NaN,151416,NaN,NaN,NaN,12016.094000004232,
cubic,7,7,248,43.861,21.93,1402,NaN,NaN,NaN,10,NaN,NaN,NaN,2957,5527,NaN,2600000.0,13804,4,5100000.0,NaN,NaN,NaN,151416,NaN,NaN,NaN,12044.005000002682,
cubic,7,7,248,43.861,21.93,1402,NaN,NaN,NaN,10,NaN,NaN,NaN,2964,5541,NaN,2600000.0,13832,NaN,5100000.0,NaN,NaN,NaN,151416,NaN,NaN,NaN,12076.030000001192,
cubic,7,7,248,43.861,21.93,1402,NaN,NaN,NaN,10,NaN,NaN,NaN,2970,5553,NaN,2600000.0,13864,4,5100000.0,NaN,NaN,NaN,151416,NaN,NaN,NaN,12104.12799999863,
cubic,7,7,248,43.861,21.93,1402,NaN,NaN,NaN,10,NaN,NaN,NaN,2976,5565,NaN,2600000.0,13892,4,5100000.0,NaN,NaN,NaN,151416,NaN,NaN,NaN,12131.938000001013,
cubic,7,7,248,43.861,21.93,1402,NaN,NaN,NaN,10,NaN,NaN,NaN,2982,5577,NaN,2600000.0,13920,4,5100000.0,NaN,NaN,NaN,151416,NaN,NaN,NaN,12159.833999998868,
cubic,7,7,248,43.861,21.93,1402,NaN,NaN,NaN,10,NaN,NaN,NaN,2989,5591,NaN,2600000.0,13952,NaN,5100000.0,NaN,NaN,NaN,151416,NaN,NaN,NaN,12191.96100000292,
cubic,7,7,248,43.861,21.93,1402,NaN,NaN,NaN,10,NaN,NaN,NaN,2996,5604,NaN,2600000.0,13984,4,5100000.0,NaN,NaN,NaN,151416,NaN,NaN,NaN,12224.046000003815,
cubic,7,7,248,43.861,21.93,1402,NaN,NaN,NaN,10,NaN,NaN,NaN,3003,5618,NaN,2600000.0,14016,NaN,5100000.0,NaN,NaN,NaN,151416,NaN,NaN,NaN,12256.068000003695,
cubic,7,7,248,43.861,21.93,1402,NaN,NaN,NaN,10,NaN,NaN,NaN,3010,5632,NaN,2600000.0,14048,NaN,5100000.0,NaN,NaN,NaN,151416,NaN,NaN,NaN,12288.126000002027,
cubic,7,7,248,43.861,21.93,1402,NaN,NaN,NaN,10,NaN,NaN,NaN,3017,5645,NaN,2600000.0,14080,4,5100000.0,NaN,NaN,NaN,151416,NaN,NaN,NaN,12319.982000000775,
cubic,7,7,248,43.861,21.93,1402,NaN,NaN,NaN,10,NaN,NaN,NaN,3024,5658,NaN,2600000.0,14112,4,5100000.0,NaN,NaN,NaN,151416,NaN,NaN,NaN,12351.991999998689,
cubic,7,7,248,43.861,21.93,1402,NaN,NaN,NaN,10,NaN,NaN,NaN,3030,5671,NaN,2600000.0,14140,NaN,5100000.0,NaN,NaN,NaN,151416,NaN,NaN,NaN,12379.943999998271,
cubic,7,7,248,43.861,21.93,1402,NaN,NaN,NaN,10,NaN,NaN,NaN,3037,5684,NaN,2600000.0,14172,4,5100000.0,NaN,NaN,NaN,151416,NaN,NaN,NaN,12412.048000000417,
cubic,7,7,248,43.861,21.93,1402,NaN,NaN,NaN,10,NaN,NaN,NaN,3044,5698,NaN,2600000.0,14204,4,5100000.0,NaN,NaN,NaN,151416,NaN,NaN,NaN,12444.079000003636,
cubic,7,7,248,43.861,21.93,1402,NaN,NaN,NaN,10,NaN,NaN,NaN,3051,5712,NaN,2600000.0,14236,NaN,5100000.0,NaN,NaN,NaN,151416,NaN,NaN,NaN,12476.03900000453,
cubic,7,7,248,43.861,21.93,1402,NaN,NaN,NaN,10,NaN,NaN,NaN,3057,5725,NaN,2600000.0,14268,4,5100000.0,NaN,NaN,NaN,151416,NaN,NaN,NaN,12508.092000000179,
cubic,7,7,248,43.861,21.93,1402,NaN,NaN,NaN,10,NaN,NaN,NaN,3064,5739,NaN,2600000.0,14300,NaN,5100000.0,NaN,NaN,NaN,151416,NaN,NaN,NaN,12540.168999999762,
cubic,7,7,248,43.861,21.93,1402,NaN,NaN,NaN,10,NaN,NaN,NaN,3071,5753,NaN,2600000.0,14332,NaN,5100000.0,NaN,NaN,NaN,151416,NaN,NaN,NaN,12572.052000001073,
cubic,7,7,248,43.861,21.93,1402,NaN,NaN,NaN,10,NaN,NaN,NaN,3078,5766,NaN,2600000.0,14364,4,5100000.0,NaN,NaN,NaN,151416,NaN,NaN,NaN,12604.008000001311,
cubic,7,7,248,43.861,21.93,1402,NaN,NaN,NaN,10,NaN,NaN,NaN,3085,5780,NaN,2600000.0,14396,NaN,5100000.0,NaN,NaN,NaN,151416,NaN,NaN,NaN,12636.015000000596,
cubic,7,7,248,43.861,21.93,1402,NaN,NaN,NaN,10,NaN,NaN,NaN,3091,5793,NaN,2600000.0,14428,4,5100000.0,NaN,NaN,NaN,151416,NaN,NaN,NaN,12668.054000005126,
cubic,7,7,248,43.861,21.93,1402,NaN,NaN,NaN,10,NaN,NaN,NaN,3098,5807,NaN,2600000.0,14460,4,5100000.0,NaN,NaN,NaN,151416,NaN,NaN,NaN,12700.090000003576,
cubic,7,7,248,43.861,21.93,1402,NaN,NaN,NaN,10,NaN,NaN,NaN,3105,5821,NaN,2600000.0,14492,NaN,5100000.0,NaN,NaN,NaN,151416,NaN,NaN,NaN,12732.123000003397,
cubic,7,7,248,43.861,21.93,1402,NaN,NaN,NaN,10,NaN,NaN,NaN,3112,5834,NaN,2600000.0,14520,NaN,5100000.0,NaN,NaN,NaN,151416,NaN,NaN,NaN,12764.142999999225,
cubic,7,7,248,43.861,21.93,1402,NaN,NaN,NaN,10,NaN,NaN,NaN,3118,5846,NaN,2600000.0,14552,4,5100000.0,NaN,NaN,NaN,151416,NaN,NaN,NaN,12792.072000004351,
cubic,7,7,248,43.861,21.93,1402,NaN,NaN,NaN,10,NaN,NaN,NaN,3124,5858,NaN,2600000.0,14576,NaN,5100000.0,NaN,NaN,NaN,151416,NaN,NaN,NaN,12819.840999998152,
cubic,7,7,248,43.861,21.93,1402,NaN,NaN,NaN,10,NaN,NaN,NaN,3130,5870,NaN,2600000.0,14608,4,5100000.0,NaN,NaN,NaN,151416,NaN,NaN,NaN,12847.949000000954,
cubic,7,7,248,43.861,21.93,1402,NaN,NaN,NaN,10,NaN,NaN,NaN,3136,5883,NaN,2600000.0,14636,NaN,5100000.0,NaN,NaN,NaN,151416,NaN,NaN,NaN,12879.980999998748,
cubic,7,7,248,43.861,21.93,1402,NaN,NaN,NaN,10,NaN,NaN,NaN,3142,5895,NaN,2600000.0,14668,4,5100000.0,NaN,NaN,NaN,151416,NaN,NaN,NaN,12907.935000002384,
cubic,7,7,248,43.861,21.93,1402,NaN,NaN,NaN,10,NaN,NaN,NaN,3149,5909,NaN,2600000.0,14700,4,5100000.0,NaN,NaN,NaN,151416,NaN,NaN,NaN,12940.195000000298,
cubic,7,7,248,43.861,21.93,1402,NaN,NaN,NaN,10,NaN,NaN,NaN,3156,5922,NaN,2600000.0,14732,4,5100000.0,NaN,NaN,NaN,151416,NaN,NaN,NaN,12971.946000002325,
cubic,7,7,248,43.861,21.93,1402,NaN,NaN,NaN,10,NaN,NaN,NaN,3162,5935,NaN,2600000.0,14760,NaN,5100000.0,NaN,NaN,NaN,151416,NaN,NaN,NaN,12999.98900000006,
cubic,7,7,248,43.861,21.93,1402,NaN,NaN,NaN,10,NaN,NaN,NaN,3169,5948,NaN,2600000.0,14792,4,5100000.0,NaN,NaN,NaN,151416,NaN,NaN,NaN,13032.034000001848,
cubic,7,7,248,43.861,21.93,1402,NaN,NaN,NaN,10,NaN,NaN,NaN,3175,5960,NaN,2600000.0,14820,4,5100000.0,NaN,NaN,NaN,151416,NaN,NaN,NaN,13060.153999999166,
cubic,7,7,248,43.861,21.93,1402,NaN,NaN,NaN,10,NaN,NaN,NaN,3182,5974,NaN,2600000.0,14852,NaN,5100000.0,NaN,NaN,NaN,151416,NaN,NaN,NaN,13092.171000003815,
cubic,7,7,248,43.861,21.93,1402,NaN,NaN,NaN,10,NaN,NaN,NaN,3188,5987,NaN,2600000.0,14884,4,5100000.0,NaN,NaN,NaN,151416,NaN,NaN,NaN,13123.87200000137,
cubic,7,7,248,43.861,21.93,1402,NaN,NaN,NaN,10,NaN,NaN,NaN,3194,5999,NaN,2600000.0,14908,NaN,5100000.0,NaN,NaN,NaN,151416,NaN,NaN,NaN,13151.873000003397,
cubic,7,7,248,43.861,21.93,1402,NaN,NaN,NaN,10,NaN,NaN,NaN,3200,6011,NaN,2600000.0,14940,4,5100000.0,NaN,NaN,NaN,151416,NaN,NaN,NaN,13180.10300000012,
cubic,7,7,248,43.861,21.93,1402,NaN,NaN,NaN,10,NaN,NaN,NaN,3207,6025,NaN,2600000.0,14972,4,5100000.0,NaN,NaN,NaN,151416,NaN,NaN,NaN,13211.951000005007,
cubic,7,7,248,43.861,21.93,1402,NaN,NaN,NaN,10,NaN,NaN,NaN,3214,6039,NaN,2600000.0,15004,NaN,5100000.0,NaN,NaN,NaN,151416,NaN,NaN,NaN,13244.149000003934,
cubic,7,7,248,43.861,21.93,1402,NaN,NaN,NaN,10,NaN,NaN,NaN,3221,6052,NaN,2600000.0,15036,4,5100000.0,NaN,NaN,NaN,151416,NaN,NaN,NaN,13275.98600000143,
cubic,7,7,248,43.861,21.93,1402,NaN,NaN,NaN,10,NaN,NaN,NaN,3228,6066,NaN,2600000.0,15068,NaN,5100000.0,NaN,NaN,NaN,151416,NaN,NaN,NaN,13308.17500000447,
